Date,Open,High,Low,Close,Adj Close,Volume
01-07-2016,8313.049805,8356.75,8308.650391,8328.349609,8328.349609,165500
04-07-2016,8376.75,8398.450195,8364.700195,8370.700195,8370.700195,154200
05-07-2016,8379.299805,8381.450195,8319.950195,8335.950195,8335.950195,139000
07-07-2016,8342,8361.950195,8317.700195,8337.900391,8337.900391,155500
08-07-2016,8350,8353.299805,8287.549805,8323.200195,8323.200195,137900
11-07-2016,8413.349609,8475.25,8407.049805,8467.900391,8467.900391,149800
12-07-2016,8502.599609,8526.599609,8479.200195,8521.049805,8521.049805,183600
13-07-2016,8540.450195,8550.25,8493.549805,8519.5,8519.5,195500
14-07-2016,8515.75,8571.400391,8500.700195,8565,8565,153900
15-07-2016,8565.450195,8594.799805,8510.049805,8541.400391,8541.400391,221700
18-07-2016,8564.049805,8587.099609,8494.349609,8508.700195,8508.700195,164300
19-07-2016,8514.299805,8540.049805,8476.700195,8528.549805,8528.549805,167900
20-07-2016,8515.450195,8569.900391,8512.549805,8565.849609,8565.849609,160300
21-07-2016,8582.700195,8585.25,8503.450195,8510.099609,8510.099609,150000
22-07-2016,8519.650391,8548.950195,8489.799805,8541.200195,8541.200195,143200
25-07-2016,8519.950195,8641.150391,8517.200195,8635.650391,8635.650391,150000
26-07-2016,8633.75,8644.900391,8577.150391,8590.650391,8590.650391,154800
27-07-2016,8599.400391,8665,8572.049805,8615.799805,8615.799805,184100
28-07-2016,8636.950195,8674.700195,8625.25,8666.299805,8666.299805,233500
29-07-2016,8668.299805,8670.349609,8631.150391,8638.5,8638.5,157000
01-08-2016,8654.299805,8711.299805,8590.5,8636.549805,8636.549805,188400
02-08-2016,8647.450195,8687.200195,8611.400391,8622.900391,8622.900391,169400
03-08-2016,8635.200195,8635.450195,8529.599609,8544.849609,8544.849609,163000
04-08-2016,8599.950195,8601.400391,8518.150391,8551.099609,8551.099609,164700
05-08-2016,8600.200195,8689.400391,8590.150391,8683.150391,8683.150391,157900
08-08-2016,8712.849609,8723.5,8697.599609,8711.349609,8711.349609,172600
09-08-2016,8727.799805,8728.349609,8638.200195,8678.25,8678.25,200100
10-08-2016,8686.700195,8690.099609,8564.599609,8575.299805,8575.299805,173600
11-08-2016,8572.799805,8601.150391,8540.049805,8592.150391,8592.150391,189200
12-08-2016,null,null,null,null,null,null
16-08-2016,8670.25,8682.349609,8600.450195,8642.549805,8642.549805,224800
17-08-2016,8639.799805,8667.099609,8603.599609,8624.049805,8624.049805,174100
18-08-2016,8648.849609,8690.700195,8645.049805,8673.25,8673.25,164300
19-08-2016,8694.299805,8696.599609,8647.099609,8666.900391,8666.900391,191900
22-08-2016,8667,8684.849609,8614,8629.150391,8629.150391,152300
23-08-2016,8628.349609,8642.150391,8580,8632.599609,8632.599609,187500
24-08-2016,8648.5,8661.049805,8620.900391,8650.299805,8650.299805,149600
25-08-2016,8668.849609,8683.049805,8583.650391,8592.200195,8592.200195,213100
26-08-2016,8614.349609,8622.950195,8547.549805,8572.549805,8572.549805,147500
29-08-2016,8583.75,8622,8543.75,8607.450195,8607.450195,129700
30-08-2016,8646.75,8750.599609,8642.25,8744.349609,8744.349609,150200
31-08-2016,8754.049805,8819.200195,8754.049805,8786.200195,8786.200195,362200
01-09-2016,8793.599609,8813.25,8759.950195,8774.650391,8774.650391,238900
02-09-2016,8796.349609,8824.099609,8768.200195,8809.650391,8809.650391,191500
06-09-2016,8852.700195,8950.849609,8848.450195,8943,8943,195600
07-09-2016,8968.700195,8968.700195,8913.349609,8917.950195,8917.950195,290100
08-09-2016,8915.5,8960.349609,8896,8952.5,8952.5,217200
09-09-2016,8934.299805,8939.150391,8858.700195,8866.700195,8866.700195,175900
12-09-2016,8732.950195,8746.950195,8699.400391,8715.599609,8715.599609,184500
14-09-2016,8710.650391,8739.849609,8688.900391,8726.599609,8726.599609,184300
15-09-2016,8743.849609,8751.950195,8704.349609,8742.549805,8742.549805,145400
16-09-2016,8780.849609,8847.650391,8750.5,8779.849609,8779.849609,265800
19-09-2016,8788.450195,8824.299805,8774.200195,8808.400391,8808.400391,131700
20-09-2016,8816.099609,8816.450195,8759.299805,8775.900391,8775.900391,136500
21-09-2016,8790.299805,8826.849609,8757.299805,8777.150391,8777.150391,148800
22-09-2016,8873.349609,8893.349609,8837.799805,8867.450195,8867.450195,172800
23-09-2016,8880.75,8885.200195,8820.299805,8831.549805,8831.549805,185900
26-09-2016,8807.900391,8809.549805,8715.099609,8723.049805,8723.049805,164000
27-09-2016,8748.900391,8768.5,8690.5,8706.400391,8706.400391,151400
28-09-2016,8711.200195,8767.049805,8703.150391,8745.150391,8745.150391,165500
29-09-2016,8792.700195,8800.650391,8558.25,8591.25,8591.25,372900
30-09-2016,8581.5,8637.150391,8555.200195,8611.150391,8611.150391,181700
03-10-2016,8666.150391,8745.200195,8635,8738.099609,8738.099609,137300
04-10-2016,8770,8783.650391,8736.099609,8769.150391,8769.150391,184300
05-10-2016,8806.349609,8806.950195,8731.400391,8743.950195,8743.950195,157200
06-10-2016,8768.700195,8781.150391,8684.650391,8709.549805,8709.549805,163600
07-10-2016,8721.700195,8723.700195,8663.799805,8697.599609,8697.599609,150400
10-10-2016,8735.349609,8745.799805,8703.950195,8708.799805,8708.799805,108400
13-10-2016,8671.5,8681.549805,8541.349609,8573.349609,8573.349609,212300
14-10-2016,8594,8604.450195,8549.799805,8583.400391,8583.400391,162800
17-10-2016,8612.950195,8615.400391,8506.150391,8520.400391,8520.400391,197400
18-10-2016,8556.049805,8685.099609,8555.900391,8677.900391,8677.900391,216600
19-10-2016,8697.5,8698.75,8636.700195,8659.099609,8659.099609,172100
20-10-2016,8693.349609,8727,8678.299805,8699.400391,8699.400391,161000
21-10-2016,8708.599609,8709.099609,8652.049805,8693.049805,8693.049805,157300
24-10-2016,8709.849609,8736.950195,8684.150391,8708.950195,8708.950195,157100
25-10-2016,8721.700195,8722.650391,8663.450195,8691.299805,8691.299805,189800
26-10-2016,8657.299805,8657.299805,8596.599609,8615.25,8615.25,219300
27-10-2016,8607.099609,8624.849609,8550.25,8615.25,8615.25,242800
28-10-2016,8625,8653.75,8581.75,8638,8638,175500
01-11-2016,8653.150391,8669.599609,8614.5,8626.25,8626.25,165000
02-11-2016,8542.799805,8549.5,8504.849609,8514,8514,155300
03-11-2016,8499.849609,8537.650391,8476.150391,8484.950195,8484.950195,170500
04-11-2016,8503.599609,8504,8400.25,8433.75,8433.75,224800
07-11-2016,8535.75,8535.849609,8481.450195,8497.049805,8497.049805,172800
08-11-2016,8540,8559.400391,8480.099609,8543.549805,8543.549805,195700
09-11-2016,8067.5,8476.200195,8002.25,8432,8432,314300
10-11-2016,8555.599609,8598.450195,8510.700195,8525.75,8525.75,263100
11-11-2016,8456.650391,8460.599609,8284.950195,8296.299805,8296.299805,266900
15-11-2016,8284.849609,8288.549805,8093.200195,8108.450195,8108.450195,359200
16-11-2016,8205.650391,8210.049805,8089.399902,8111.600098,8111.600098,269500
17-11-2016,8105.100098,8151.25,8060.299805,8079.950195,8079.950195,191300
18-11-2016,8097.549805,8128.950195,8048.299805,8074.100098,8074.100098,161200
21-11-2016,8102.100098,8102.450195,7916.399902,7929.100098,7929.100098,218800
22-11-2016,7989.149902,8019.049805,7938.149902,8002.299805,8002.299805,210200
23-11-2016,8051.200195,8055.200195,7973.100098,8033.299805,8033.299805,181000
24-11-2016,8011.799805,8024.850098,7952.549805,7965.5,7965.5,260500
25-11-2016,8007.950195,8122.25,7976.75,8114.299805,8114.299805,177900
28-11-2016,8080.649902,8146.5,8066.5,8126.899902,8126.899902,189700
29-11-2016,8131.549805,8197.349609,8128.700195,8142.149902,8142.149902,189700
30-11-2016,8172.149902,8234.25,8139.25,8224.5,8224.5,248000
01-12-2016,8244,8250.799805,8185.049805,8192.900391,8192.900391,157700
02-12-2016,8153.549805,8159.299805,8070.049805,8086.799805,8086.799805,171500
05-12-2016,8088.75,8141.899902,8056.850098,8128.75,8128.75,126500
06-12-2016,8153.149902,8178.700195,8130.850098,8143.149902,8143.149902,115300
07-12-2016,8168.399902,8190.450195,8077.5,8102.049805,8102.049805,169800
08-12-2016,8152.100098,8256.25,8151.75,8246.849609,8246.849609,142500
09-12-2016,8271.700195,8274.950195,8241.950195,8261.75,8261.75,149700
12-12-2016,8230.650391,8230.650391,8154.450195,8170.799805,8170.799805,108100
13-12-2016,8196.150391,8228.849609,8155.799805,8221.799805,8221.799805,184000
14-12-2016,8229.349609,8229.400391,8165.100098,8182.450195,8182.450195,144600
15-12-2016,8128.399902,8225.900391,8121.950195,8153.600098,8153.600098,181800
16-12-2016,8178.200195,8178.700195,8127.450195,8139.450195,8139.450195,203000
19-12-2016,8126,8132.5,8094.850098,8104.350098,8104.350098,107400
20-12-2016,8110.600098,8124.100098,8062.75,8082.399902,8082.399902,128000
21-12-2016,8105.850098,8112.549805,8053.25,8061.299805,8061.299805,123700
22-12-2016,8043.850098,8046.450195,7964.950195,7979.100098,7979.100098,122600
23-12-2016,7972.5,8022.600098,7942.049805,7985.75,7985.75,124100
26-12-2016,7965.100098,7970.049805,7893.799805,7908.25,7908.25,106900
27-12-2016,7915.049805,8044.649902,7903.700195,8032.850098,8032.850098,118800
28-12-2016,8047.549805,8100.549805,8028.399902,8034.850098,8034.850098,126700
29-12-2016,8030.600098,8111.100098,8020.799805,8103.600098,8103.600098,178500
30-12-2016,8119.649902,8197,8114.75,8185.799805,8185.799805,127600
02-01-2017,8210.099609,8212,8133.799805,8179.5,8179.5,118300
03-01-2017,8196.049805,8219.099609,8148.600098,8192.25,8192.25,127300
04-01-2017,8202.650391,8218.5,8180.899902,8190.5,8190.5,132400
05-01-2017,8226.650391,8282.650391,8223.700195,8273.799805,8273.799805,159100
06-01-2017,8281.849609,8306.849609,8233.25,8243.799805,8243.799805,139400
09-01-2017,8259.349609,8263,8227.75,8236.049805,8236.049805,99100
10-01-2017,8262.700195,8293.799805,8261,8288.599609,8288.599609,142900
11-01-2017,8327.799805,8389,8322.25,8380.650391,8380.650391,186500
12-01-2017,8391.049805,8417.200195,8382.299805,8407.200195,8407.200195,172600
13-01-2017,8457.650391,8461.049805,8373.150391,8400.349609,8400.349609,185300
16-01-2017,8390.950195,8426.700195,8374.400391,8412.799805,8412.799805,124100
17-01-2017,8415.049805,8440.900391,8378.299805,8398,8398,122000
18-01-2017,8403.849609,8460.299805,8397.400391,8417,8417,163800
19-01-2017,8418.400391,8445.150391,8404.049805,8435.099609,8435.099609,165900
20-01-2017,8404.349609,8423.650391,8340.950195,8349.349609,8349.349609,202600
23-01-2017,8329.599609,8404.150391,8327.200195,8391.5,8391.5,195000
24-01-2017,8407.049805,8480.950195,8398.150391,8475.799805,8475.799805,179200
25-01-2017,8499.450195,8612.599609,8493.950195,8602.75,8602.75,292500
27-01-2017,8610.5,8672.700195,8606.900391,8641.25,8641.25,275400
30-01-2017,8635.549805,8662.599609,8617.75,8632.75,8632.75,304700
31-01-2017,8629.450195,8631.75,8552.400391,8561.299805,8561.299805,521000
01-02-2017,8570.349609,8722.400391,8537.5,8716.400391,8716.400391,327700
02-02-2017,8724.75,8757.599609,8685.799805,8734.25,8734.25,283500
03-02-2017,8735.150391,8748.25,8707.75,8740.950195,8740.950195,191000
06-02-2017,8785.450195,8814.099609,8770.200195,8801.049805,8801.049805,194400
07-02-2017,8805.700195,8809.299805,8741.049805,8768.299805,8768.299805,226300
08-02-2017,8774.549805,8791.25,8715,8769.049805,8769.049805,218700
09-02-2017,8795.549805,8821.400391,8724.099609,8778.400391,8778.400391,187500
10-02-2017,8812.349609,8822.099609,8771.200195,8793.549805,8793.549805,225900
13-02-2017,8819.799805,8826.900391,8754.200195,8805.049805,8805.049805,204900
14-02-2017,8819.900391,8820.450195,8772.5,8792.299805,8792.299805,188300
15-02-2017,8778.950195,8807.900391,8712.849609,8724.700195,8724.700195,216100
16-02-2017,8739,8783.950195,8719.599609,8778,8778,184600
17-02-2017,8883.700195,8896.450195,8804.25,8821.700195,8821.700195,298300
20-02-2017,8818.549805,8886.25,8809.799805,8879.200195,8879.200195,167800
21-02-2017,8890.75,8920.799805,8860.950195,8907.849609,8907.849609,175700
22-02-2017,8931.599609,8960.75,8905.25,8926.900391,8926.900391,247100
23-02-2017,8956.400391,8982.150391,8927.549805,8939.5,8939.5,377200
27-02-2017,8943.700195,8951.799805,8888.650391,8896.700195,8896.700195,189900
28-02-2017,8898.950195,8914.75,8867.599609,8879.599609,8879.599609,293600
01-03-2017,8904.400391,8960.799805,8898.599609,8945.799805,8945.799805,205900
02-03-2017,8982.849609,8992.5,8879.799805,8899.75,8899.75,218800
03-03-2017,8883.5,8907.099609,8860.099609,8897.549805,8897.549805,202600
06-03-2017,8915.099609,8967.799805,8914,8963.450195,8963.450195,174800
07-03-2017,8977.75,8977.849609,8932.799805,8946.900391,8946.900391,173400
08-03-2017,8950.700195,8957.049805,8891.950195,8924.299805,8924.299805,177800
09-03-2017,8914.5,8945.799805,8899.5,8927,8927,171500
10-03-2017,8953.700195,8975.700195,8903.950195,8934.549805,8934.549805,152700
14-03-2017,9091.650391,9122.75,9060.5,9087,9087,270300
15-03-2017,9086.849609,9106.549805,9075.5,9084.799805,9084.799805,240600
16-03-2017,9129.650391,9158.450195,9128.549805,9153.700195,9153.700195,208600
17-03-2017,9207.799805,9218.400391,9147.599609,9160.049805,9160.049805,286700
20-03-2017,9166.950195,9167.599609,9116.299805,9126.849609,9126.849609,332100
21-03-2017,9133.950195,9147.75,9087.200195,9121.5,9121.5,247700
22-03-2017,9047.200195,9072.900391,9019.299805,9030.450195,9030.450195,232300
23-03-2017,9048.75,9099.049805,9048.599609,9086.299805,9086.299805,191800
24-03-2017,9104,9133.549805,9089.400391,9108,9108,203700
27-03-2017,9093.450195,9094.849609,9024.650391,9045.200195,9045.200195,202700
28-03-2017,9081.5,9110.400391,9079.799805,9100.799805,9100.799805,183300
29-03-2017,9128.700195,9153.150391,9109.099609,9143.799805,9143.799805,243400
30-03-2017,9142.599609,9183.150391,9136.349609,9173.75,9173.75,323400
31-03-2017,9158.900391,9191.700195,9152.099609,9173.75,9173.75,190900
03-04-2017,9220.599609,9245.349609,9192.400391,9237.849609,9237.849609,139100
05-04-2017,9264.400391,9273.900391,9215.400391,9265.150391,9265.150391,184800
06-04-2017,9245.799805,9267.950195,9218.849609,9261.950195,9261.950195,186100
07-04-2017,9223.700195,9250.5,9188.099609,9198.299805,9198.299805,190000
10-04-2017,9225.599609,9225.650391,9174.849609,9181.450195,9181.450195,135800
11-04-2017,9184.549805,9242.700195,9172.849609,9237,9237,200100
12-04-2017,9242.5,9246.400391,9161.799805,9203.450195,9203.450195,161800
13-04-2017,9202.5,9202.650391,9144.950195,9150.799805,9150.799805,166500
17-04-2017,9144.75,9160,9120.25,9139.299805,9139.299805,0
18-04-2017,9163,9217.900391,9095.450195,9105.150391,9105.150391,174200
19-04-2017,9112.200195,9120.5,9075.150391,9103.5,9103.5,173700
20-04-2017,9108.099609,9143.900391,9102.650391,9136.400391,9136.400391,170300
21-04-2017,9179.099609,9183.650391,9088.75,9119.400391,9119.400391,155200
24-04-2017,9135.349609,9225.400391,9130.549805,9217.950195,9217.950195,167700
25-04-2017,9273.049805,9309.200195,9250.349609,9306.599609,9306.599609,168700
26-04-2017,9336.200195,9367,9301.349609,9351.849609,9351.849609,185700
27-04-2017,9359.150391,9367.150391,9322.650391,9342.150391,9342.150391,209400
28-04-2017,9340.950195,9342.650391,9282.25,9304.049805,9304.049805,162200
02-05-2017,9339.849609,9352.549805,9269.900391,9313.799805,9313.799805,161600
03-05-2017,9344.700195,9346.299805,9298.400391,9311.950195,9311.950195,151600
04-05-2017,9360.950195,9365.650391,9323.25,9359.900391,9359.900391,269600
05-05-2017,9374.549805,9377.099609,9272,9285.299805,9285.299805,231900
08-05-2017,9311.450195,9338.700195,9297.950195,9314.049805,9314.049805,174300
09-05-2017,9337.349609,9338.950195,9307.700195,9316.849609,9316.849609,132300
10-05-2017,9339.650391,9414.75,9336,9407.299805,9407.299805,152700
11-05-2017,9448.599609,9450.650391,9411.299805,9422.400391,9422.400391,171100
12-05-2017,9436.650391,9437.75,9372.549805,9400.900391,9400.900391,154300
15-05-2017,9433.549805,9449.25,9423.099609,9445.400391,9445.400391,140800
16-05-2017,9461,9517.200195,9456.349609,9512.25,9512.25,166500
17-05-2017,9517.599609,9532.599609,9486.099609,9525.75,9525.75,205500
18-05-2017,9453.200195,9489.099609,9418.099609,9429.450195,9429.450195,193300
19-05-2017,9469.900391,9505.75,9390.75,9427.900391,9427.900391,252100
22-05-2017,9480.25,9498.650391,9427.900391,9438.25,9438.25,196800
23-05-2017,9445.049805,9448.049805,9370,9386.150391,9386.150391,224400
24-05-2017,9410.900391,9431.900391,9341.650391,9360.549805,9360.549805,211800
25-05-2017,9384.049805,9523.299805,9379.200195,9509.75,9509.75,289200
26-05-2017,9507.75,9604.900391,9495.400391,9595.099609,9595.099609,218800
29-05-2017,9560.049805,9637.75,9547.700195,9604.900391,9604.900391,235000
30-05-2017,9590.650391,9635.299805,9581.200195,9624.549805,9624.549805,193900
31-05-2017,9636.549805,9649.599609,9609.25,9621.25,9621.25,414300
01-06-2017,9603.549805,9634.650391,9589.900391,9616.099609,9616.099609,176100
02-06-2017,9657.150391,9673.5,9637.450195,9653.5,9653.5,162200
05-06-2017,9656.299805,9687.200195,9640.700195,9675.099609,9675.099609,127700
06-06-2017,9704.25,9709.299805,9630.200195,9637.150391,9637.150391,145900
07-06-2017,9663.950195,9678.549805,9630.549805,9663.900391,9663.900391,160700
08-06-2017,9682.400391,9688.700195,9641.5,9647.25,9647.25,155400
09-06-2017,9638.549805,9676.25,9608.150391,9668.25,9668.25,159000
12-06-2017,9646.700195,9647.049805,9598.5,9616.400391,9616.400391,141400
13-06-2017,9615.549805,9654.150391,9595.400391,9606.900391,9606.900391,129700
14-06-2017,9621.549805,9627.400391,9580.450195,9618.150391,9618.150391,181800
15-06-2017,9617.900391,9621.400391,9560.799805,9578.049805,9578.049805,171100
16-06-2017,9595.450195,9615.849609,9565.5,9588.049805,9588.049805,213200
19-06-2017,9626.400391,9673.299805,9614.900391,9657.549805,9657.549805,141700
20-06-2017,9670.5,9676.5,9643.75,9653.5,9653.5,159500
21-06-2017,9648.099609,9650.450195,9608.599609,9633.599609,9633.599609,144000
22-06-2017,9642.650391,9698.849609,9617.75,9630,9630,198800
23-06-2017,9643.25,9647.650391,9565.299805,9574.950195,9574.950195,175200
27-06-2017,9594.049805,9615.400391,9473.450195,9511.400391,9511.400391,203300
28-06-2017,9520.200195,9522.5,9474.349609,9491.25,9491.25,172400
29-06-2017,9522.950195,9575.799805,9493.799805,9504.099609,9504.099609,259300
30-06-2017,9478.5,9535.799805,9448.75,9520.900391,9520.900391,179600
03-07-2017,9587.950195,9624,9543.549805,9615,9615,183000
04-07-2017,9645.900391,9650.650391,9595.5,9613.299805,9613.299805,144800
05-07-2017,9619.75,9643.650391,9607.349609,9637.599609,9637.599609,130800
06-07-2017,9653.599609,9700.700195,9639.950195,9674.549805,9674.549805,147400
07-07-2017,9670.349609,9684.25,9642.650391,9665.799805,9665.799805,141800
10-07-2017,9719.299805,9782.150391,9646.450195,9771.049805,9771.049805,37500
11-07-2017,9797.450195,9830.049805,9778.849609,9786.049805,9786.049805,179700
12-07-2017,9807.299805,9824.950195,9787.700195,9816.099609,9816.099609,145500
13-07-2017,9855.799805,9897.25,9853.450195,9891.700195,9891.700195,181300
14-07-2017,9913.299805,9913.299805,9845.450195,9886.349609,9886.349609,159600
17-07-2017,9908.150391,9928.200195,9894.700195,9915.950195,9915.950195,163500
18-07-2017,9832.700195,9885.349609,9792.049805,9827.150391,9827.150391,293900
19-07-2017,9855.950195,9905.049805,9851.650391,9899.599609,9899.599609,200200
20-07-2017,9920.200195,9922.549805,9863.450195,9873.299805,9873.299805,161100
21-07-2017,9899.599609,9924.700195,9838,9915.25,9915.25,187500
24-07-2017,9936.799805,9982.049805,9919.599609,9966.400391,9966.400391,174500
25-07-2017,10010.54981,10011.29981,9949.099609,9964.549805,9964.549805,185500
26-07-2017,9983.650391,10025.9502,9965.950195,10020.65039,10020.65039,197600
27-07-2017,10063.25,10114.84961,10005.5,10020.54981,10020.54981,287900
28-07-2017,9996.549805,10026.04981,9944.5,10014.5,10014.5,191600
31-07-2017,10034.7002,10085.90039,10016.9502,10077.09961,10077.09961,237700
01-08-2017,10101.04981,10128.59961,10065.75,10114.65039,10114.65039,184300
02-08-2017,10136.29981,10137.84961,10054.2002,10081.5,10081.5,161500
03-08-2017,10081.15039,10081.15039,9998.25,10013.65039,10013.65039,192700
04-08-2017,10008.59961,10075.25,9988.349609,10066.40039,10066.40039,178600
07-08-2017,10074.79981,10088.09961,10046.34961,10057.40039,10057.40039,137400
08-08-2017,10068.34961,10083.79981,9947,9978.549805,9978.549805,203300
09-08-2017,9961.150391,9969.799805,9893.049805,9908.049805,9908.049805,169200
10-08-2017,9872.849609,9892.650391,9776.200195,9820.25,9820.25,235500
11-08-2017,9712.150391,9771.650391,9685.549805,9710.799805,9710.799805,285900
14-08-2017,9755.75,9818.299805,9752.099609,9794.150391,9794.150391,195600
16-08-2017,9825.849609,9903.950195,9773.849609,9897.299805,9897.299805,219500
17-08-2017,9945.549805,9947.799805,9883.75,9904.150391,9904.150391,197600
18-08-2017,9865.950195,9865.950195,9783.650391,9837.400391,9837.400391,246300
21-08-2017,9864.25,9884.349609,9740.099609,9754.349609,9754.349609,205300
22-08-2017,9815.75,9828.450195,9752.599609,9765.549805,9765.549805,183600
23-08-2017,9803.049805,9857.900391,9786.75,9852.5,9852.5,168600
24-08-2017,9881.200195,9881.5,9848.849609,9857.049805,9857.049805,184700
28-08-2017,9907.150391,9925.75,9882,9912.799805,9912.799805,159600
29-08-2017,9886.400391,9887.349609,9783.75,9796.049805,9796.049805,173300
30-08-2017,9859.5,9909.450195,9850.799805,9884.400391,9884.400391,157800
31-08-2017,9905.700195,9925.099609,9856.950195,9917.900391,9917.900391,327700
01-09-2017,9937.650391,9983.450195,9909.849609,9974.400391,9974.400391,157800
04-09-2017,9984.150391,9988.400391,9861,9912.849609,9912.849609,148800
05-09-2017,9933.25,9963.099609,9901.049805,9952.200195,9952.200195,139200
06-09-2017,9899.25,9931.549805,9882.549805,9916.200195,9916.200195,149200
07-09-2017,9945.849609,9964.849609,9917.200195,9929.900391,9929.900391,188800
08-09-2017,9958.650391,9963.599609,9913.299805,9934.799805,9934.799805,163600
11-09-2017,9971.75,10028.65039,9968.799805,10006.04981,10006.04981,173000
12-09-2017,10056.84961,10097.54981,10028.04981,10093.04981,10093.04981,182600
13-09-2017,10099.25,10131.9502,10063.15039,10079.29981,10079.29981,215000
14-09-2017,10107.40039,10126.5,10070.34961,10086.59961,10086.59961,225600
15-09-2017,10062.34961,10115.15039,10043.65039,10085.40039,10085.40039,266600
18-09-2017,10133.09961,10171.7002,10131.29981,10153.09961,10153.09961,156100
19-09-2017,10175.59961,10178.9502,10129.9502,10147.54981,10147.54981,187500
20-09-2017,10160.9502,10171.04981,10134.2002,10141.15039,10141.15039,199400
21-09-2017,10139.59961,10158.90039,10058.59961,10121.90039,10121.90039,191800
22-09-2017,10094.34961,10095.04981,9952.799805,9964.400391,9964.400391,226600
25-09-2017,9960.099609,9960.5,9816.049805,9872.599609,9872.599609,221400
26-09-2017,9875.25,9891.349609,9813,9871.5,9871.5,190900
27-09-2017,9920.599609,9921.049805,9714.400391,9735.75,9735.75,200100
28-09-2017,9736.400391,9789.200195,9687.549805,9768.950195,9768.950195,385000
29-09-2017,9814.299805,9854,9775.349609,9788.599609,9788.599609,196300
03-10-2017,9893.299805,9895.400391,9831.049805,9859.5,9859.5,162800
04-10-2017,9884.349609,9938.299805,9850.650391,9914.900391,9914.900391,156200
05-10-2017,9927,9945.950195,9881.849609,9888.700195,9888.700195,147800
06-10-2017,9908.150391,9989.349609,9906.599609,9979.700195,9979.700195,195800
09-10-2017,9988.200195,10015.75,9959.450195,9988.75,9988.75,143900
10-10-2017,10013.7002,10034,10002.29981,10016.9502,10016.9502,148600
11-10-2017,10042.59961,10067.25,9955.799805,9984.799805,9984.799805,189700
12-10-2017,10011.2002,10104.4502,9977.099609,10096.40039,10096.40039,200900
13-10-2017,10123.7002,10191.90039,10120.09961,10167.4502,10167.4502,230100
16-10-2017,10207.40039,10242.9502,10175.09961,10230.84961,10230.84961,203000
17-10-2017,10227.65039,10251.84961,10212.59961,10234.4502,10234.4502,195700
18-10-2017,10209.40039,10236.4502,10175.75,10210.84961,10210.84961,254200
19-10-2017,10210.34961,10211.9502,10123.34961,10146.54981,10146.54981,30200
23-10-2017,10176.65039,10224.15039,10124.5,10184.84961,10184.84961,218100
24-10-2017,10218.54981,10237.75,10182.40039,10207.7002,10207.7002,217200
25-10-2017,10321.15039,10340.54981,10240.90039,10295.34961,10295.34961,594200
26-10-2017,10291.79981,10355.65039,10271.84961,10343.79981,10343.79981,429700
27-10-2017,10362.29981,10366.15039,10311.29981,10323.04981,10323.04981,312700
30-10-2017,10353.84961,10384.5,10344.29981,10363.65039,10363.65039,236900
31-10-2017,10364.90039,10367.7002,10323.9502,10335.29981,10335.29981,232600
01-11-2017,10390.34961,10451.65039,10383.04981,10440.5,10440.5,260300
02-11-2017,10440.5,10453,10412.54981,10423.79981,10423.79981,201500
03-11-2017,10461.54981,10461.7002,10403.59961,10452.5,10452.5,199900
06-11-2017,10431.75,10490.4502,10413.75,10451.79981,10451.79981,193600
07-11-2017,10477.15039,10485.75,10340.79981,10350.15039,10350.15039,286900
08-11-2017,10361.9502,10384.25,10285.5,10303.15039,10303.15039,274500
09-11-2017,10358.65039,10368.4502,10266.9502,10308.9502,10308.9502,240200
10-11-2017,10304.34961,10344.9502,10254.09961,10321.75,10321.75,279400
13-11-2017,10322,10334.15039,10216.25,10224.9502,10224.9502,210300
14-11-2017,10223.40039,10248,10175.54981,10186.59961,10186.59961,305000
15-11-2017,10171.9502,10175.4502,10094,10118.04981,10118.04981,207400
16-11-2017,10152.90039,10232.25,10139.2002,10214.75,10214.75,182600
17-11-2017,10324.54981,10343.59961,10268.04981,10283.59961,10283.59961,203300
20-11-2017,10287.2002,10309.84961,10261.5,10298.75,10298.75,147200
21-11-2017,10329.25,10358.7002,10315.04981,10326.90039,10326.90039,186100
22-11-2017,10350.79981,10368.7002,10309.54981,10342.29981,10342.29981,157600
23-11-2017,10358.4502,10374.29981,10307.29981,10348.75,10348.75,153000
24-11-2017,10366.79981,10404.5,10362.25,10389.7002,10389.7002,129200
27-11-2017,10361.04981,10407.15039,10340.2002,10399.54981,10399.54981,141900
28-11-2017,10387.90039,10409.54981,10355.2002,10370.25,10370.25,196000
29-11-2017,10376.65039,10392.9502,10345.90039,10361.29981,10361.29981,152500
30-11-2017,10332.7002,10332.7002,10211.25,10226.54981,10226.54981,342500
01-12-2017,10263.7002,10272.7002,10108.54981,10121.79981,10121.79981,143400
04-12-2017,10175.04981,10179.2002,10095.7002,10127.75,10127.75,148600
05-12-2017,10118.25,10147.9502,10069.09961,10118.25,10118.25,155500
06-12-2017,10088.79981,10104.2002,10033.34961,10044.09961,10044.09961,166100
07-12-2017,10063.4502,10182.65039,10061.90039,10166.7002,10166.7002,166200
08-12-2017,10198.4502,10270.84961,10195.25,10265.65039,10265.65039,200000
11-12-2017,10310.5,10329.2002,10282.04981,10322.25,10322.25,147400
12-12-2017,10324.90039,10326.09961,10230.2002,10240.15039,10240.15039,175100
13-12-2017,10236.59961,10296.54981,10169.84961,10192.9502,10192.9502,181600
14-12-2017,10229.29981,10276.09961,10141.54981,10252.09961,10252.09961,154300
15-12-2017,10345.65039,10373.09961,10319.65039,10333.25,10333.25,255100
18-12-2017,10263.09961,10443.54981,10074.79981,10388.75,10388.75,230400
19-12-2017,10414.79981,10472.2002,10406,10463.2002,10463.2002,169100
20-12-2017,10494.40039,10494.4502,10437.15039,10444.2002,10444.2002,175200
21-12-2017,10473.9502,10473.9502,10426.90039,10440.29981,10440.29981,151900
22-12-2017,10457.29981,10501.09961,10448.25,10493,10493,138800
26-12-2017,10512.29981,10545.4502,10477.9502,10531.5,10531.5,155600
27-12-2017,10531.04981,10552.40039,10469.25,10490.75,10490.75,165200
28-12-2017,10498.2002,10534.54981,10460.4502,10477.90039,10477.90039,272900
29-12-2017,10492.34961,10538.7002,10488.65039,10530.7002,10530.7002,152000
01-01-2018,null,null,null,null,null,null
02-01-2018,10477.54981,10495.2002,10404.65039,10442.2002,10442.2002,153400
03-01-2018,10482.65039,10503.59961,10429.54981,10443.2002,10443.2002,167300
04-01-2018,10469.40039,10513,10441.4502,10504.79981,10504.79981,174900
05-01-2018,10534.25,10566.09961,10520.09961,10558.84961,10558.84961,180900
08-01-2018,10591.7002,10631.2002,10588.54981,10623.59961,10623.59961,169000
09-01-2018,10645.09961,10659.15039,10603.59961,10637,10637,205000
10-01-2018,10652.04981,10655.5,10592.7002,10632.2002,10632.2002,176400
11-01-2018,10637.04981,10664.59961,10612.34961,10651.2002,10651.2002,153800
12-01-2018,10682.54981,10690.40039,10597.09961,10681.25,10681.25,175200
15-01-2018,10718.5,10782.65039,10713.79981,10741.54981,10741.54981,175900
16-01-2018,10761.5,10762.34961,10687.84961,10700.4502,10700.4502,211000
17-01-2018,10702.4502,10803,10666.75,10788.54981,10788.54981,252700
18-01-2018,10873.40039,10887.5,10782.40039,10817,10817,312000
19-01-2018,10829.2002,10906.84961,10793.90039,10894.7002,10894.7002,207600
22-01-2018,10883.2002,10975.09961,10881.40039,10966.2002,10966.2002,231600
23-01-2018,10997.40039,11092.90039,10994.54981,11083.7002,11083.7002,284600
24-01-2018,11069.34961,11110.09961,11046.15039,11086,11086,283400
25-01-2018,11095.59961,11095.59961,11009.2002,11069.65039,11069.65039,330300
29-01-2018,11079.34961,11171.54981,11075.9502,11130.40039,11130.40039,241700
30-01-2018,11120.84961,11121.09961,11033.90039,11049.65039,11049.65039,228000
31-01-2018,11018.79981,11058.5,10979.29981,11027.7002,11027.7002,245900
01-02-2018,11044.54981,11117.34961,10878.79981,11016.90039,11016.90039,306200
02-02-2018,10938.2002,10954.9502,10736.09961,10760.59961,10760.59961,282700
05-02-2018,10604.29981,10702.75,10586.79981,10666.54981,10666.54981,240100
06-02-2018,10295.15039,10594.15039,10276.29981,10498.25,10498.25,266500
07-02-2018,10607.2002,10614,10446.40039,10476.7002,10476.7002,250400
08-02-2018,10518.5,10637.79981,10479.54981,10576.84961,10576.84961,232200
09-02-2018,10416.5,10480.2002,10398.2002,10454.9502,10454.9502,191600
12-02-2018,10518.2002,10555.5,10485.40039,10539.75,10539.75,217400
14-02-2018,10585.75,10590.54981,10456.65039,10500.90039,10500.90039,229200
15-02-2018,10537.90039,10618.09961,10511.04981,10545.5,10545.5,210600
16-02-2018,10596.2002,10612.90039,10434.04981,10452.29981,10452.29981,184300
19-02-2018,10488.90039,10489.34961,10302.75,10378.40039,10378.40039,187300
20-02-2018,10391,10429.34961,10347.65039,10360.40039,10360.40039,187700
21-02-2018,10426,10426.09961,10349.59961,10397.4502,10397.4502,234100
22-02-2018,10354.34961,10397.54981,10340.65039,10382.7002,10382.7002,313600
23-02-2018,10408.09961,10499.09961,10396.65039,10491.04981,10491.04981,210600
26-02-2018,10526.54981,10592.9502,10520.2002,10582.59961,10582.59961,171900
27-02-2018,10615.2002,10631.65039,10537.25,10554.29981,10554.29981,187500
28-02-2018,10488.9502,10535.5,10461.54981,10492.84961,10492.84961,286000
01-03-2018,10479.9502,10525.5,10447.15039,10458.34961,10458.34961,176000
05-03-2018,10428.29981,10428.7002,10323.90039,10358.84961,10358.84961,194000
06-03-2018,10420.5,10441.34961,10215.90039,10249.25,10249.25,222900
07-03-2018,10232.9502,10243.34961,10141.54981,10154.2002,10154.2002,249500
08-03-2018,10216.25,10270.34961,10146.40039,10242.65039,10242.65039,226400
09-03-2018,10271.29981,10296.7002,10211.90039,10226.84961,10226.84961,186500
12-03-2018,10301.59961,10433.65039,10295.4502,10421.40039,10421.40039,216400
13-03-2018,10389.5,10478.59961,10377.84961,10426.84961,10426.84961,266700
14-03-2018,10393.04981,10420.34961,10336.29981,10410.90039,10410.90039,181400
15-03-2018,10405.4502,10420,10346.2002,10360.15039,10360.15039,173900
16-03-2018,10345.15039,10346.29981,10180.25,10195.15039,10195.15039,328500
19-03-2018,10215.34961,10224.54981,10075.29981,10094.25,10094.25,210200
20-03-2018,10051.54981,10155.65039,10049.09961,10124.34961,10124.34961,203000
21-03-2018,10181.9502,10227.29981,10132.9502,10155.25,10155.25,204800
22-03-2018,10167.5,10207.84961,10105.40039,10114.75,10114.75,230500
23-03-2018,9968.799805,10027.7002,9951.900391,9998.049805,9998.049805,285700
26-03-2018,9989.150391,10143.5,9958.549805,10130.65039,10130.65039,262600
27-03-2018,10188,10207.90039,10139.65039,10184.15039,10184.15039,225700
28-03-2018,10143.59961,10158.34961,10096.90039,10113.7002,10113.7002,344400
02-04-2018,10151.65039,10220.09961,10127.75,10211.79981,10211.79981,225400
03-04-2018,10186.84961,10255.34961,10171.04981,10245,10245,205300
04-04-2018,10274.59961,10279.84961,10111.29981,10128.40039,10128.40039,231100
05-04-2018,10228.4502,10331.79981,10227.4502,10325.15039,10325.15039,236800
06-04-2018,10322.75,10350.4502,10290.84961,10331.59961,10331.59961,200200
09-04-2018,10333.7002,10397.7002,10328.5,10379.34961,10379.34961,221600
10-04-2018,10412.90039,10424.84961,10381.5,10402.25,10402.25,251700
11-04-2018,10428.15039,10428.15039,10355.59961,10417.15039,10417.15039,250400
12-04-2018,10410.65039,10469.90039,10395.25,10458.65039,10458.65039,238600
13-04-2018,10495.29981,10519.90039,10451.4502,10480.59961,10480.59961,213100
16-04-2018,10398.29981,10540.15039,10396.34961,10528.34961,10528.34961,195000
17-04-2018,10557.29981,10560.4502,10495.65039,10548.7002,10548.7002,206100
18-04-2018,10578.90039,10594.2002,10509.7002,10526.2002,10526.2002,205400
19-04-2018,10563.65039,10572.2002,10546.2002,10565.29981,10565.29981,262600
20-04-2018,10560.34961,10582.34961,10527.4502,10564.04981,10564.04981,244600
23-04-2018,10592.79981,10638.34961,10514.9502,10584.7002,10584.7002,194200
24-04-2018,10578.09961,10636.79981,10569,10614.34961,10614.34961,219200
25-04-2018,10612.40039,10612.59961,10536.4502,10570.54981,10570.54981,189200
26-04-2018,10586.5,10628.40039,10559.65039,10617.79981,10617.79981,335100
27-04-2018,10651.65039,10719.79981,10647.54981,10692.29981,10692.29981,0
30-04-2018,10705.75,10759,10704.59961,10739.34961,10739.34961,173800
02-05-2018,10783.84961,10784.65039,10689.79981,10718.04981,10718.04981,229700
03-05-2018,10720.15039,10720.59961,10647.4502,10679.65039,10679.65039,185200
04-05-2018,10700.4502,10700.4502,10601.59961,10618.25,10618.25,186500
07-05-2018,10653.15039,10725.65039,10635.65039,10715.5,10715.5,168400
08-05-2018,10757.90039,10758.54981,10689.40039,10717.79981,10717.79981,269800
09-05-2018,10693.34961,10766.25,10689.84961,10741.7002,10741.7002,215400
10-05-2018,10779.65039,10785.54981,10705,10716.54981,10716.54981,192100
11-05-2018,10741.9502,10812.04981,10724.4502,10806.5,10806.5,203100
14-05-2018,10815.15039,10834.84961,10774.75,10806.59961,10806.59961,171400
15-05-2018,10812.59961,10929.2002,10781.40039,10801.84961,10801.84961,254300
16-05-2018,10751.9502,10790.4502,10699.7002,10741.09961,10741.09961,231100
17-05-2018,10775.59961,10777.25,10664.5,10682.7002,10682.7002,214100
18-05-2018,10671.84961,10674.9502,10589.09961,10596.40039,10596.40039,223000
21-05-2018,10616.7002,10621.7002,10505.79981,10516.7002,10516.7002,0
22-05-2018,10518.4502,10558.59961,10490.54981,10536.7002,10536.7002,241700
23-05-2018,10521.09961,10533.54981,10417.79981,10430.34961,10430.34961,290900
24-05-2018,10464.84961,10535.15039,10419.79981,10513.84961,10513.84961,297600
25-05-2018,10533.04981,10628.04981,10524,10605.15039,10605.15039,260800
28-05-2018,10648.34961,10709.79981,10640.54981,10688.65039,10688.65039,232600
29-05-2018,10689.40039,10717.25,10616.09961,10633.29981,10633.29981,225800
30-05-2018,10579,10648.7002,10558.4502,10614.34961,10614.34961,238700
31-05-2018,10670.09961,10763.79981,10620.40039,10736.15039,10736.15039,610300
01-06-2018,10738.4502,10764.75,10681.5,10696.2002,10696.2002,220600
04-06-2018,10765.9502,10770.29981,10618.34961,10628.5,10628.5,203800
05-06-2018,10630.7002,10633.15039,10550.90039,10593.15039,10593.15039,167700
06-06-2018,10603.4502,10698.34961,10587.5,10684.65039,10684.65039,189900
07-06-2018,10722.59961,10818,10722.59961,10768.34961,10768.34961,220900
08-06-2018,10736.40039,10779.4502,10709.04981,10767.65039,10767.65039,209400
11-06-2018,10781.84961,10850.54981,10777.04981,10786.9502,10786.9502,211400
12-06-2018,10816.15039,10856.54981,10789.40039,10842.84961,10842.84961,198300
13-06-2018,10887.5,10893.25,10842.65039,10856.7002,10856.7002,213400
14-06-2018,10832.90039,10833.7002,10773.54981,10808.04981,10808.04981,184300
15-06-2018,10808.65039,10834,10755.40039,10817.7002,10817.7002,305400
18-06-2018,10830.2002,10830.2002,10787.34961,10799.84961,10799.84961,196600
19-06-2018,10789.4502,10789.4502,10701.2002,10710.4502,10710.4502,224500
20-06-2018,10734.65039,10781.79981,10724.04981,10772.04981,10772.04981,193500
21-06-2018,10808.4502,10809.59961,10725.90039,10741.09961,10741.09961,223600
22-06-2018,10742.7002,10837,10710.4502,10821.84961,10821.84961,229800
25-06-2018,10822.90039,10831.04981,10753.04981,10762.4502,10762.4502,229600
26-06-2018,10742.7002,10805.25,10732.54981,10769.15039,10769.15039,220000
27-06-2018,10785.5,10785.5,10652.40039,10671.40039,10671.40039,246000
28-06-2018,10660.79981,10674.2002,10557.7002,10589.09961,10589.09961,352300
29-06-2018,10612.84961,10723.04981,10612.34961,10714.29981,10714.29981,242800
02-07-2018,10732.34961,10736.15039,10604.65039,10657.29981,10657.29981,295400
03-07-2018,10668.59961,10713.29981,10630.25,10699.90039,10699.90039,202100
04-07-2018,10715,10777.15039,10677.75,10769.90039,10769.90039,173900
05-07-2018,10786.04981,10786.04981,10726.25,10749.75,10749.75,220500
06-07-2018,10744.15039,10816.34961,10735.04981,10772.65039,10772.65039,0
09-07-2018,10838.29981,10860.34961,10807.15039,10852.90039,10852.90039,183600
10-07-2018,10902.75,10956.90039,10876.65039,10947.25,10947.25,197000
11-07-2018,10956.40039,10976.65039,10923,10948.29981,10948.29981,222300
12-07-2018,11006.9502,11078.29981,10999.65039,11023.2002,11023.2002,248300
13-07-2018,11056.90039,11071.34961,10999.75,11018.90039,11018.90039,0
16-07-2018,11018.9502,11019.5,10926.25,10936.84961,10936.84961,210500
17-07-2018,10939.65039,11018.5,10925.59961,11008.04981,11008.04981,210600
18-07-2018,11060.2002,11076.2002,10956.29981,10980.4502,10980.4502,225500
19-07-2018,10999.5,11006.5,10935.4502,10957.09961,10957.09961,215400
20-07-2018,10963.5,11030.25,10946.2002,11010.2002,11010.2002,187300
23-07-2018,11019.84961,11093.40039,11010.9502,11084.75,11084.75,229100
24-07-2018,11109,11143.40039,11092.5,11134.29981,11134.29981,205800
25-07-2018,11148.40039,11157.15039,11113.25,11132,11132,205900
26-07-2018,11132.9502,11185.84961,11125.7002,11167.29981,11167.29981,365400
27-07-2018,11232.75,11283.40039,11210.25,11278.34961,11278.34961,314600
30-07-2018,11296.65039,11328.09961,11261.4502,11319.54981,11319.54981,278800
31-07-2018,11311.04981,11366,11267.75,11356.5,11356.5,256500
01-08-2018,11359.79981,11390.54981,11313.54981,11346.2002,11346.2002,269700
02-08-2018,11328.90039,11328.90039,11234.9502,11244.7002,11244.7002,210000
03-08-2018,11297.79981,11368,11294.54981,11360.79981,11360.79981,218300
06-08-2018,11401.5,11427.65039,11370.59961,11387.09961,11387.09961,203700
07-08-2018,11423.15039,11428.9502,11359.7002,11389.4502,11389.4502,226400
08-08-2018,11412.5,11459.9502,11379.29981,11450,11450,210500
09-08-2018,11493.25,11495.2002,11454.09961,11470.7002,11470.7002,302200
10-08-2018,11474.9502,11478.75,11419.65039,11429.5,11429.5,0
13-08-2018,11369.59961,11406.29981,11340.29981,11355.75,11355.75,246900
14-08-2018,11381.7002,11452.4502,11370.79981,11435.09961,11435.09961,232600
16-08-2018,11397.15039,11449.84961,11366.25,11385.04981,11385.04981,290600
17-08-2018,11437.15039,11486.4502,11431.79981,11470.75,11470.75,234700
20-08-2018,11502.09961,11565.29981,11499.65039,11551.75,11551.75,232600
21-08-2018,11576.2002,11581.75,11539.59961,11570.90039,11570.90039,224200
23-08-2018,11620.7002,11620.7002,11546.7002,11582.75,11582.75,248500
24-08-2018,11566.59961,11604.59961,11532,11557.09961,11557.09961,218800
27-08-2018,11605.84961,11700.9502,11595.59961,11691.9502,11691.9502,199500
28-08-2018,11731.9502,11760.2002,11710.5,11738.5,11738.5,241900
29-08-2018,11744.9502,11753.2002,11678.84961,11691.90039,11691.90039,251600
30-08-2018,11694.75,11698.79981,11639.7002,11676.79981,11676.79981,313800
31-08-2018,11675.84961,11727.65039,11640.09961,11680.5,11680.5,346500
03-09-2018,11751.79981,11751.79981,11567.40039,11582.34961,11582.34961,234400
04-09-2018,11598.75,11602.54981,11496.84961,11520.29981,11520.29981,254800
05-09-2018,11514.84961,11542.65039,11393.84961,11476.9502,11476.9502,246100
06-09-2018,11514.15039,11562.25,11436.04981,11536.90039,11536.90039,247900
07-09-2018,11558.25,11603,11484.40039,11589.09961,11589.09961,295900
10-09-2018,11570.25,11573,11427.29981,11438.09961,11438.09961,286700
11-09-2018,11476.84961,11479.40039,11274,11287.5,11287.5,0
12-09-2018,11340.09961,11380.75,11250.2002,11369.90039,11369.90039,268200
14-09-2018,11443.5,11523.25,11430.54981,11515.2002,11515.2002,276600
17-09-2018,11464.9502,11464.9502,11366.90039,11377.75,11377.75,201400
18-09-2018,11381.54981,11411.4502,11268.9502,11278.90039,11278.90039,240900
19-09-2018,11326.65039,11332.04981,11210.90039,11234.34961,11234.34961,250600
21-09-2018,11271.29981,11346.79981,10866.4502,11143.09961,11143.09961,719000
24-09-2018,11164.40039,11170.15039,10943.59961,10967.40039,10967.40039,0
25-09-2018,10969.9502,11080.59961,10882.84961,11067.4502,11067.4502,405000
26-09-2018,11145.54981,11145.54981,10993.04981,11053.79981,11053.79981,340500
27-09-2018,11079.79981,11089.4502,10953.34961,10977.54981,10977.54981,405700
28-09-2018,11008.09961,11034.09961,10850.29981,10930.4502,10930.4502,478100
01-10-2018,10930.90039,11035.65039,10821.54981,11008.29981,11008.29981,387000
03-10-2018,10982.7002,10989.04981,10843.75,10858.25,10858.25,386800
04-10-2018,10754.7002,10754.7002,10547.25,10599.25,10599.25,425100
05-10-2018,10514.09961,10540.65039,10261.90039,10316.4502,10316.4502,606400
08-10-2018,10310.15039,10398.34961,10198.40039,10348.04981,10348.04981,456200
09-10-2018,10390.29981,10397.59961,10279.34961,10301.04981,10301.04981,430500
10-10-2018,10331.84961,10482.34961,10318.25,10460.09961,10460.09961,0
11-10-2018,10169.79981,10335.9502,10138.59961,10234.65039,10234.65039,483500
12-10-2018,10331.54981,10492.4502,10322.15039,10472.5,10472.5,343500
15-10-2018,10524.2002,10526.29981,10410.15039,10512.5,10512.5,259500
16-10-2018,10550.15039,10604.90039,10525.29981,10584.75,10584.75,265200
17-10-2018,10688.7002,10710.15039,10436.4502,10453.04981,10453.04981,284800
19-10-2018,10339.7002,10380.09961,10249.59961,10303.54981,10303.54981,357500
22-10-2018,10405.84961,10408.54981,10224,10245.25,10245.25,297300
23-10-2018,10152.59961,10222.09961,10102.34961,10146.79981,10146.79981,302600
24-10-2018,10278.15039,10290.65039,10126.7002,10224.75,10224.75,351400
25-10-2018,10135.04981,10166.59961,10079.29981,10124.90039,10124.90039,0
26-10-2018,10122.34961,10128.84961,10004.54981,10030,10030,364300
29-10-2018,10078.09961,10275.29981,10020.34961,10250.84961,10250.84961,364400
30-10-2018,10239.40039,10285.09961,10175.34961,10198.40039,10198.40039,289800
31-10-2018,10209.54981,10396,10105.09961,10386.59961,10386.59961,375000
01-11-2018,10441.7002,10441.90039,10341.90039,10380.4502,10380.4502,348500
02-11-2018,10462.29981,10606.9502,10457.7002,10553,10553,421200
05-11-2018,10558.75,10558.79981,10477,10524,10524,301900
06-11-2018,10552,10600.25,10491.4502,10530,10530,0
07-11-2018,10614.4502,10616.4502,10582.29981,10598.40039,10598.40039,31200
09-11-2018,10614.7002,10619.54981,10544.84961,10585.2002,10585.2002,296600
12-11-2018,10607.79981,10645.5,10464.04981,10482.2002,10482.2002,259700
13-11-2018,10451.90039,10596.25,10440.54981,10582.5,10582.5,254600
14-11-2018,10634.90039,10651.59961,10532.7002,10576.29981,10576.29981,384500
15-11-2018,10580.59961,10646.5,10557.5,10616.7002,10616.7002,0
16-11-2018,10644,10695.15039,10631.15039,10682.2002,10682.2002,342800
19-11-2018,10731.25,10774.7002,10688.79981,10763.40039,10763.40039,272100
20-11-2018,10740.09961,10740.84961,10640.84961,10656.2002,10656.2002,295200
21-11-2018,10670.9502,10671.29981,10562.34961,10600.04981,10600.04981,300900
22-11-2018,10612.65039,10646.25,10512,10526.75,10526.75,239500
26-11-2018,10568.29981,10637.79981,10489.75,10628.59961,10628.59961,0
27-11-2018,10621.4502,10695.15039,10596.34961,10685.59961,10685.59961,0
28-11-2018,10708.75,10757.79981,10699.84961,10728.84961,10728.84961,424500
29-11-2018,10808.7002,10883.04981,10782.34961,10858.7002,10858.7002,691300
30-11-2018,10892.09961,10922.4502,10835.09961,10876.75,10876.75,453900
03-12-2018,10930.7002,10941.2002,10845.34961,10883.75,10883.75,409700
04-12-2018,10877.09961,10890.9502,10833.34961,10869.5,10869.5,322100
05-12-2018,10820.4502,10821.04981,10747.9502,10782.90039,10782.90039,312300
06-12-2018,10718.15039,10722.65039,10588.25,10601.15039,10601.15039,318500
07-12-2018,10644.79981,10704.54981,10599.34961,10693.7002,10693.7002,325800
10-12-2018,10508.7002,10558.84961,10474.9502,10488.4502,10488.4502,381300
11-12-2018,10350.04981,10567.15039,10333.84961,10549.15039,10549.15039,425500
12-12-2018,10591,10752.2002,10560.79981,10737.59961,10737.59961,360500
13-12-2018,10810.75,10838.59961,10749.5,10791.54981,10791.54981,376200
14-12-2018,10784.5,10815.75,10752.09961,10805.4502,10805.4502,340100
17-12-2018,10853.2002,10900.34961,10844.84961,10888.34961,10888.34961,296900
18-12-2018,10850.90039,10915.40039,10819.09961,10908.7002,10908.7002,286100
19-12-2018,10930.54981,10985.15039,10928,10967.29981,10967.29981,312100
20-12-2018,10885.2002,10962.54981,10880.04981,10951.7002,10951.7002,318900
21-12-2018,10944.25,10963.65039,10738.65039,10754,10754,377500
24-12-2018,10780.90039,10782.29981,10649.25,10663.5,10663.5,223400
26-12-2018,10635.4502,10747.5,10534.54981,10729.84961,10729.84961,263700
27-12-2018,10817.90039,10834.2002,10764.4502,10779.79981,10779.79981,456100
28-12-2018,10820.9502,10893.59961,10817.15039,10859.90039,10859.90039,245500
31-12-2018,10913.2002,10923.54981,10853.2002,10862.54981,10862.54981,180900
01-01-2019,null,null,null,null,null,null
02-01-2019,10868.84961,10895.34961,10735.04981,10792.5,10792.5,309700
03-01-2019,10796.79981,10814.04981,10661.25,10672.25,10672.25,286200
04-01-2019,10699.7002,10741.04981,10628.65039,10727.34961,10727.34961,296600
07-01-2019,10804.84961,10835.9502,10750.15039,10771.79981,10771.79981,269400
08-01-2019,10786.25,10818.4502,10733.25,10802.15039,10802.15039,277700
09-01-2019,10862.40039,10870.40039,10749.40039,10855.15039,10855.15039,333000
10-01-2019,10859.34961,10859.34961,10801.79981,10821.59961,10821.59961,254400
11-01-2019,10834.75,10850.15039,10739.40039,10794.9502,10794.9502,260800
14-01-2019,10807,10808,10692.34961,10737.59961,10737.59961,298800
15-01-2019,10777.54981,10896.9502,10777.54981,10886.79981,10886.79981,310700
16-01-2019,10899.65039,10928.15039,10876.90039,10890.29981,10890.29981,276500
17-01-2019,10920.84961,10930.65039,10844.65039,10905.2002,10905.2002,271700
18-01-2019,10914.84961,10928.2002,10852.2002,10906.9502,10906.9502,323800
21-01-2019,10919.34961,10987.4502,10885.75,10961.84961,10961.84961,288800
22-01-2019,10949.79981,10949.79981,10864.15039,10922.75,10922.75,300800
23-01-2019,10931.04981,10944.79981,10811.9502,10831.5,10831.5,298900
24-01-2019,10844.04981,10866.59961,10798.65039,10849.79981,10849.79981,361100
25-01-2019,10859.75,10931.7002,10756.4502,10780.54981,10780.54981,463400
28-01-2019,10792.4502,10804.4502,10630.9502,10661.54981,10661.54981,419700
29-01-2019,10653.7002,10690.34961,10583.65039,10652.2002,10652.2002,356900
30-01-2019,10702.25,10710.2002,10612.84961,10651.79981,10651.79981,410100
31-01-2019,10690.54981,10838.04981,10678.54981,10830.9502,10830.9502,604800
01-02-2019,10851.34961,10983.4502,10813.4502,10893.65039,10893.65039,482300
04-02-2019,10876.75,10927.90039,10814.15039,10912.25,10912.25,318300
05-02-2019,10908.65039,10956.7002,10886.7002,10934.34961,10934.34961,268100
06-02-2019,10965.09961,11072.59961,10962.7002,11062.4502,11062.4502,298500
07-02-2019,11070.4502,11118.09961,11043.59961,11069.40039,11069.40039,263500
08-02-2019,11023.5,11041.2002,10925.4502,10943.59961,10943.59961,352800
11-02-2019,10930.90039,10930.90039,10857.09961,10888.79981,10888.79981,286000
12-02-2019,10879.7002,10910.90039,10823.79981,10831.40039,10831.40039,292300
14-02-2019,10786.09961,10792.7002,10718.75,10746.04981,10746.04981,627000
15-02-2019,10780.25,10785.75,10620.40039,10724.40039,10724.40039,521900
18-02-2019,10738.65039,10759.90039,10628.40039,10640.9502,10640.9502,345400
19-02-2019,10636.7002,10722.84961,10585.65039,10604.34961,10604.34961,291500
20-02-2019,10655.4502,10752.7002,10646.40039,10735.4502,10735.4502,289200
21-02-2019,10744.09961,10808.84961,10721.5,10789.84961,10789.84961,279600
22-02-2019,10782.7002,10801.54981,10758.40039,10791.65039,10791.65039,396800
25-02-2019,10813.25,10887.09961,10788.04981,10880.09961,10880.09961,385900
26-02-2019,10775.29981,10888.75,10729.29981,10835.29981,10835.29981,415000
27-02-2019,10881.2002,10939.7002,10751.2002,10806.65039,10806.65039,381100
28-02-2019,10865.7002,10865.7002,10784.84961,10792.5,10792.5,644200
01-03-2019,10842.65039,10877.90039,10823.09961,10863.5,10863.5,308500
05-03-2019,10864.84961,10994.90039,10817,10987.4502,10987.4502,373200
06-03-2019,11024.84961,11062.29981,10998.84961,11053,11053,372600
07-03-2019,11077.9502,11089.04981,11027.09961,11058.2002,11058.2002,321200
08-03-2019,11038.84961,11049,11008.9502,11035.40039,11035.40039,326600
11-03-2019,11068.75,11180.90039,11059.84961,11168.04981,11168.04981,352200
12-03-2019,11231.34961,11320.40039,11227,11301.2002,11301.2002,391300
13-03-2019,11326.2002,11352.29981,11276.59961,11341.7002,11341.7002,383000
14-03-2019,11382.5,11383.4502,11313.75,11343.25,11343.25,294500
15-03-2019,11376.84961,11487,11370.79981,11426.84961,11426.84961,463700
18-03-2019,11473.84961,11530.15039,11412.5,11462.2002,11462.2002,320300
19-03-2019,11500.29981,11543.84961,11451.25,11532.40039,11532.40039,326100
20-03-2019,11553.34961,11556.09961,11503.09961,11521.04981,11521.04981,366300
22-03-2019,11549.2002,11572.79981,11434.54981,11456.90039,11456.90039,386200
25-03-2019,11395.65039,11395.65039,11311.59961,11354.25,11354.25,294500
26-03-2019,11375.2002,11496.75,11352.4502,11483.25,11483.25,282600
27-03-2019,11531.4502,11546.2002,11413,11445.04981,11445.04981,350400
28-03-2019,11463.65039,11588.5,11452.4502,11570,11570,527700
01-04-2019,11665.2002,11738.09961,11644.75,11669.15039,11669.15039,379600
02-04-2019,11711.54981,11729.34961,11655.84961,11713.2002,11713.2002,386100
03-04-2019,11735.29981,11761,11629.15039,11643.9502,11643.9502,365800
04-04-2019,11660.2002,11662.54981,11559.2002,11598,11598,349000
05-04-2019,11638.40039,11689.65039,11609.5,11665.9502,11665.9502,266700
08-04-2019,11704.34961,11710.29981,11549.09961,11604.5,11604.5,260900
09-04-2019,11612.04981,11683.90039,11569.7002,11671.9502,11671.9502,300500
10-04-2019,11646.84961,11680.04981,11571.75,11584.29981,11584.29981,359900
11-04-2019,11592.54981,11606.7002,11550.54981,11596.7002,11596.7002,279800
12-04-2019,11612.84961,11657.34961,11578.79981,11643.4502,11643.4502,246000
15-04-2019,11667,11704.59961,11648.25,11690.34961,11690.34961,290000
16-04-2019,11736.2002,11810.9502,11731.54981,11787.15039,11787.15039,354300
18-04-2019,11856.15039,11856.15039,11738.5,11752.79981,11752.79981,339700
22-04-2019,11727.04981,11727.04981,11583.9502,11594.4502,11594.4502,260400
23-04-2019,11612.9502,11645.9502,11564.79981,11575.9502,11575.9502,272500
24-04-2019,11601.5,11740.84961,11578.84961,11726.15039,11726.15039,335200
25-04-2019,11735.7002,11796.75,11624.29981,11641.79981,11641.79981,604400
26-04-2019,11683.75,11762.90039,11661.75,11754.65039,11754.65039,333500
30-04-2019,11748.75,11756.25,11655.90039,11748.15039,11748.15039,532600
02-05-2019,11725.54981,11789.29981,11699.54981,11724.75,11724.75,380300
03-05-2019,11722.59961,11770.90039,11699.34961,11712.25,11712.25,305500
06-05-2019,11605.79981,11632.54981,11571.34961,11598.25,11598.25,299000
07-05-2019,11651.5,11657.04981,11484.4502,11497.90039,11497.90039,337500
08-05-2019,11478.7002,11479.09961,11346.9502,11359.4502,11359.4502,372800
09-05-2019,11322.40039,11357.59961,11255.04981,11301.79981,11301.79981,373000
10-05-2019,11314.15039,11345.79981,11251.04981,11278.90039,11278.90039,387300
13-05-2019,11258.7002,11300.2002,11125.59961,11148.2002,11148.2002,357600
14-05-2019,11151.65039,11294.75,11108.29981,11222.04981,11222.04981,398100
15-05-2019,11271.7002,11286.79981,11136.9502,11157,11157,414200
16-05-2019,11180.34961,11281.54981,11143.34961,11257.09961,11257.09961,350700
17-05-2019,11261.90039,11426.15039,11259.84961,11407.15039,11407.15039,412100
20-05-2019,11651.90039,11845.2002,11591.7002,11828.25,11828.25,452100
21-05-2019,11863.65039,11883.54981,11682.79981,11709.09961,11709.09961,381000
22-05-2019,11727.9502,11784.79981,11682.40039,11737.90039,11737.90039,355900
23-05-2019,11901.29981,12041.15039,11614.5,11657.04981,11657.04981,569000
24-05-2019,11748,11859,11658.09961,11844.09961,11844.09961,374600
27-05-2019,11855.5,11957.15039,11812.40039,11924.75,11924.75,348400
28-05-2019,11958.34961,11958.54981,11864.90039,11928.75,11928.75,598300
29-05-2019,11905.79981,11931.90039,11836.79981,11861.09961,11861.09961,318100
30-05-2019,11865.29981,11968.54981,11859.40039,11945.90039,11945.90039,421200
31-05-2019,11999.79981,12039.25,11829.4502,11922.79981,11922.79981,438900
03-06-2019,11953.75,12103.04981,11920.09961,12088.54981,12088.54981,315300
04-06-2019,12052.65039,12095.2002,12005.84961,12021.65039,12021.65039,289200
06-06-2019,12039.79981,12039.79981,11830.25,11843.75,11843.75,415200
07-06-2019,11865.2002,11897.5,11769.5,11870.65039,11870.65039,302500
10-06-2019,11934.90039,11975.04981,11871.75,11922.7002,11922.7002,303300
11-06-2019,11959.84961,12000.34961,11904.34961,11965.59961,11965.59961,332200
12-06-2019,11962.4502,11962.4502,11866.34961,11906.2002,11906.2002,283700
13-06-2019,11873.90039,11931.34961,11817.04981,11914.04981,11914.04981,447900
14-06-2019,11910.09961,11911.84961,11797.7002,11823.29981,11823.29981,390300
17-06-2019,11844,11844.04981,11657.75,11672.15039,11672.15039,295500
18-06-2019,11677.04981,11727.2002,11641.15039,11691.5,11691.5,365500
19-06-2019,11744.4502,11802.5,11625.09961,11691.4502,11691.4502,446900
20-06-2019,11653.65039,11843.5,11635.04981,11831.75,11831.75,442000
21-06-2019,11827.59961,11827.9502,11705.09961,11724.09961,11724.09961,468400
24-06-2019,11725.79981,11754,11670.2002,11699.65039,11699.65039,277600
25-06-2019,11681,11814.40039,11651,11796.4502,11796.4502,300500
26-06-2019,11768.15039,11871.84961,11757.54981,11847.54981,11847.54981,327900
27-06-2019,11860.84961,11911.15039,11821.04981,11841.54981,11841.54981,480200
28-06-2019,11861.15039,11871.7002,11775.5,11788.84961,11788.84961,303900
01-07-2019,11839.90039,11884.65039,11830.79981,11865.59961,11865.59961,278400
02-07-2019,11890.29981,11917.4502,11814.7002,11910.29981,11910.29981,363200
03-07-2019,11932.15039,11945.2002,11887.04981,11916.75,11916.75,340500
04-07-2019,11928.79981,11969.25,11923.65039,11946.75,11946.75,333600
05-07-2019,11964.75,11981.75,11797.90039,11811.15039,11811.15039,530700
08-07-2019,11770.40039,11771.90039,11523.29981,11558.59961,11558.59961,464000
09-07-2019,11531.59961,11582.54981,11461,11555.90039,11555.90039,442500
10-07-2019,11536.15039,11593.7002,11475.65039,11498.90039,11498.90039,337600
11-07-2019,11561.4502,11599,11519.5,11582.90039,11582.90039,317300
12-07-2019,11601.15039,11639.54981,11538.59961,11552.5,11552.5,359400
15-07-2019,11614.75,11618.40039,11532.29981,11588.34961,11588.34961,368800
16-07-2019,11596.65039,11670.04981,11573.9502,11662.59961,11662.59961,480200
17-07-2019,11670.75,11706.65039,11651.15039,11687.5,11687.5,464800
18-07-2019,11675.59961,11677.15039,11582.40039,11596.90039,11596.90039,498300
19-07-2019,11627.9502,11640.34961,11399.29981,11419.25,11419.25,446000
22-07-2019,11392.84961,11398.15039,11301.25,11346.2002,11346.2002,516000
23-07-2019,11372.25,11398.15039,11302.79981,11331.04981,11331.04981,458900
24-07-2019,11322.4502,11359.75,11229.79981,11271.29981,11271.29981,413200
25-07-2019,11290.40039,11361.40039,11239.34961,11252.15039,11252.15039,553700
26-07-2019,11247.4502,11307.59961,11210.04981,11284.29981,11284.29981,522700
29-07-2019,11307.5,11310.9502,11152.40039,11189.2002,11189.2002,482900
30-07-2019,11213.7002,11267.4502,11072.65039,11085.40039,11085.40039,479100
31-07-2019,11034.04981,11145.29981,10999.40039,11118,11118,536700
01-08-2019,11060.2002,11076.75,10881,10980,10980,499900
02-08-2019,10930.29981,11080.15039,10848.9502,10997.34961,10997.34961,547400
05-08-2019,10895.79981,10895.79981,10782.59961,10862.59961,10862.59961,506600
06-08-2019,10815.40039,11018.54981,10813.79981,10948.25,10948.25,517900
07-08-2019,10958.09961,10975.65039,10835.90039,10855.5,10855.5,548500
08-08-2019,10899.2002,11058.04981,10842.9502,11032.4502,11032.4502,482500
09-08-2019,11087.90039,11181.4502,11062.79981,11109.65039,11109.65039,538100
13-08-2019,11139.40039,11145.90039,10901.59961,10925.84961,10925.84961,624600
14-08-2019,11003.25,11078.15039,10935.59961,11029.40039,11029.40039,511500
16-08-2019,11043.65039,11068.65039,10924.29981,11047.79981,11047.79981,470900
19-08-2019,11094.79981,11146.90039,11037.84961,11053.90039,11053.90039,369500
20-08-2019,11063.90039,11076.29981,10985.29981,11017,11017,444700
21-08-2019,11018.15039,11034.2002,10906.65039,10918.7002,10918.7002,557900
22-08-2019,10905.29981,10908.25,10718.29981,10741.34961,10741.34961,668200
23-08-2019,10699.59961,10862.54981,10637.15039,10829.34961,10829.34961,667100
26-08-2019,11000.29981,11070.29981,10756.54981,11057.84961,11057.84961,684100
27-08-2019,11106.54981,11141.75,11049.5,11105.34961,11105.34961,685600
28-08-2019,11101.29981,11129.65039,10987.65039,11046.09961,11046.09961,550000
29-08-2019,10996.04981,11021.09961,10922.40039,10948.29981,10948.29981,649900
30-08-2019,10987.79981,11042.59961,10874.79981,11023.25,11023.25,628200
03-09-2019,10960.9502,10967.5,10772.7002,10797.90039,10797.90039,483000
04-09-2019,10790.40039,10858.75,10746.34961,10844.65039,10844.65039,508800
05-09-2019,10860.9502,10920.09961,10816,10847.90039,10847.90039,595700
06-09-2019,10883.79981,10957.04981,10867.4502,10946.2002,10946.2002,497200
09-09-2019,10936.7002,11028.84961,10889.79981,11003.04981,11003.04981,412500
11-09-2019,11028.5,11054.79981,11011.65039,11035.7002,11035.7002,687100
12-09-2019,11058.29981,11081.75,10964.9502,10982.79981,10982.79981,551400
13-09-2019,10986.79981,11084.4502,10945.75,11075.90039,11075.90039,624300
16-09-2019,10994.84961,11052.7002,10968.2002,11003.5,11003.5,434500
17-09-2019,11000.09961,11000.09961,10796.5,10817.59961,10817.59961,482000
18-09-2019,10872.79981,10885.15039,10804.84961,10840.65039,10840.65039,519200
19-09-2019,10845.2002,10845.2002,10670.25,10704.79981,10704.79981,642600
20-09-2019,10746.79981,11381.90039,10691,11274.2002,11274.2002,1356800
23-09-2019,11542.7002,11694.84961,11471.34961,11600.2002,11600.2002,882800
24-09-2019,11590.7002,11655.04981,11539.2002,11588.2002,11588.2002,651700
25-09-2019,11564.84961,11564.9502,11416.09961,11440.2002,11440.2002,629100
26-09-2019,11469.84961,11610.84961,11466.34961,11571.2002,11571.2002,844500
27-09-2019,11556.34961,11593.59961,11499.75,11512.40039,11512.40039,650000
30-09-2019,11491.15039,11508.25,11390.79981,11474.4502,11474.4502,756800
01-10-2019,11515.40039,11554.2002,11247.90039,11359.90039,11359.90039,1305400
03-10-2019,11322.25,11370.40039,11257.34961,11314,11314,1017500
04-10-2019,11388.4502,11400.29981,11158.34961,11174.75,11174.75,928500
07-10-2019,11196.2002,11233.84961,11112.65039,11126.40039,11126.40039,733200
09-10-2019,11152.9502,11321.59961,11090.15039,11313.29981,11313.29981,741100
10-10-2019,11280.5,11293.34961,11208.54981,11234.54981,11234.54981,562000
11-10-2019,11257.7002,11362.90039,11189.40039,11305.04981,11305.04981,737800
14-10-2019,11335.90039,11420.4502,11290.04981,11341.15039,11341.15039,587600
15-10-2019,11360.84961,11462.34961,11342.09961,11428.29981,11428.29981,527400
16-10-2019,11464.9502,11481.04981,11411.09961,11464,11464,533500
17-10-2019,11466.29981,11599.09961,11439.65039,11586.34961,11586.34961,797600
18-10-2019,11580.29981,11684.7002,11553.15039,11661.84961,11661.84961,853400
22-10-2019,11657.15039,11714.34961,11573.65039,11588.34961,11588.34961,867600
23-10-2019,11596.2002,11651.59961,11554.40039,11604.09961,11604.09961,664200
24-10-2019,11661.65039,11679.59961,11534.65039,11582.59961,11582.59961,700500
25-10-2019,11646.15039,11646.90039,11490.75,11583.90039,11583.90039,812000
27-10-2019,null,null,null,null,null,null
29-10-2019,11643.9502,11809.40039,11627.34961,11786.84961,11786.84961,951700
30-10-2019,11883.90039,11883.9502,11784.4502,11844.09961,11844.09961,725200
31-10-2019,11890.4502,11945,11855.09961,11877.4502,11877.4502,1414800
01-11-2019,11886.59961,11918.29981,11843.34961,11890.59961,11890.59961,855300
04-11-2019,11928.90039,11989.15039,11905.34961,11941.29981,11941.29981,823100
05-11-2019,11974.59961,11978.9502,11861.90039,11917.2002,11917.2002,632000
06-11-2019,11911.5,12002.90039,11850.25,11966.04981,11966.04981,603400
07-11-2019,12021.09961,12021.40039,11946.84961,12012.04981,12012.04981,563000
08-11-2019,11987.15039,12034.15039,11888.75,11908.15039,11908.15039,789300
11-11-2019,11879.2002,11932.65039,11853.9502,11913.4502,11913.4502,549000
13-11-2019,11908.29981,11946.79981,11823.2002,11840.4502,11840.4502,659000
14-11-2019,11858.75,11895.65039,11802.65039,11872.09961,11872.09961,559500
15-11-2019,11904.2002,11973.65039,11879.25,11895.4502,11895.4502,580200
18-11-2019,11915.15039,11946.2002,11867.59961,11884.5,11884.5,514400
19-11-2019,11919.4502,11958.84961,11881.75,11940.09961,11940.09961,613900
20-11-2019,12004.75,12038.59961,11966.04981,11999.09961,11999.09961,646700
21-11-2019,12025.65039,12028.2002,11956.90039,11968.40039,11968.40039,557700
22-11-2019,11967.29981,11968.09961,11883.5,11914.40039,11914.40039,486800
25-11-2019,11922.4502,12084.5,11919.75,12073.75,12073.75,534300
26-11-2019,12110.2002,12132.4502,12006.34961,12037.7002,12037.7002,1201300
27-11-2019,12068.5,12114.90039,12055.15039,12100.7002,12100.7002,584200
28-11-2019,12132.09961,12158.79981,12099.9502,12151.15039,12151.15039,620500
29-11-2019,12146.2002,12147.40039,12017.40039,12056.04981,12056.04981,804400
02-12-2019,12137.04981,12137.15039,12023.7002,12048.2002,12048.2002,720900
03-12-2019,12067.65039,12068.59961,11956.40039,11994.2002,11994.2002,605800
04-12-2019,11969.9502,12054.7002,11935.29981,12043.2002,12043.2002,747200
05-12-2019,12071.25,12081.2002,11998.75,12018.40039,12018.40039,562200
06-12-2019,12047.34961,12057.04981,11888.84961,11921.5,11921.5,609200
09-12-2019,11939.09961,11981.9502,11888.04981,11937.5,11937.5,599100
10-12-2019,11950.5,11953.2002,11844.7002,11856.79981,11856.79981,650200
11-12-2019,11867.34961,11923.2002,11832.29981,11910.15039,11910.15039,997700
12-12-2019,11944.29981,12005.5,11934,11971.79981,11971.79981,752600
13-12-2019,12026.40039,12098.84961,12023.59961,12086.7002,12086.7002,597700
16-12-2019,12131.34961,12134.65039,12046.29981,12053.9502,12053.9502,437700
17-12-2019,12082.4502,12182.75,12070.34961,12165,12165,499600
18-12-2019,12197,12237.7002,12163.4502,12221.65039,12221.65039,518900
19-12-2019,12223.40039,12268.34961,12191.15039,12259.7002,12259.7002,623100
20-12-2019,12266.4502,12293.90039,12252.75,12271.79981,12271.79981,810700
23-12-2019,12235.4502,12287.15039,12213.25,12262.75,12262.75,604800
24-12-2019,12269.25,12283.7002,12202.09961,12214.54981,12214.54981,470300
26-12-2019,12211.84961,12221.54981,12118.84961,12126.54981,12126.54981,520300
27-12-2019,12172.90039,12258.4502,12157.90039,12245.79981,12245.79981,383800
30-12-2019,12274.90039,12286.4502,12213.79981,12255.84961,12255.84961,411100
31-12-2019,12247.09961,12247.09961,12151.79981,12168.4502,12168.4502,426900
01-01-2020,12202.15039,12222.2002,12165.29981,12182.5,12182.5,304100
02-01-2020,12198.54981,12289.90039,12195.25,12282.2002,12282.2002,407700
03-01-2020,12261.09961,12265.59961,12191.34961,12226.65039,12226.65039,428800
06-01-2020,12170.59961,12179.09961,11974.2002,11993.04981,11993.04981,396500
07-01-2020,12079.09961,12152.15039,12005.34961,12052.9502,12052.9502,447800
08-01-2020,11939.09961,12044.9502,11929.59961,12025.34961,12025.34961,446000
09-01-2020,12153.15039,12224.04981,12132.54981,12215.90039,12215.90039,477500
10-01-2020,12271,12311.2002,12213.2002,12256.79981,12256.79981,660600
13-01-2020,12296.7002,12337.75,12285.79981,12329.54981,12329.54981,501000
14-01-2020,12333.09961,12374.25,12308.7002,12362.29981,12362.29981,616300
15-01-2020,12349.40039,12355.15039,12278.75,12343.29981,12343.29981,684400
16-01-2020,12347.09961,12389.04981,12315.79981,12355.5,12355.5,395700
17-01-2020,12328.40039,12385.4502,12321.40039,12352.34961,12352.34961,502100
20-01-2020,12430.5,12430.5,12216.90039,12224.54981,12224.54981,491600
21-01-2020,12195.29981,12230.04981,12162.29981,12169.84961,12169.84961,400
22-01-2020,12218.34961,12225.04981,12087.90039,12106.90039,12106.90039,500
23-01-2020,12123.75,12189,12094.09961,12180.34961,12180.34961,867700
24-01-2020,12174.54981,12272.15039,12149.65039,12248.25,12248.25,593200
27-01-2020,12197.09961,12216.59961,12107,12119,12119,441200
28-01-2020,12148.09961,12163.54981,12024.5,12055.79981,12055.79981,478500
29-01-2020,12114.90039,12169.59961,12103.79981,12129.5,12129.5,514400
30-01-2020,12147.75,12150.29981,12010.59961,12035.79981,12035.79981,538100
31-01-2020,12100.40039,12103.54981,11945.84961,11962.09961,11962.09961,771300
03-02-2020,11627.4502,11749.84961,11614.5,11707.90039,11707.90039,669800
04-02-2020,11786.25,11986.15039,11783.40039,11979.65039,11979.65039,560400
05-02-2020,12005.84961,12098.15039,11953.34961,12089.15039,12089.15039,758000
06-02-2020,12120,12160.59961,12084.65039,12137.9502,12137.9502,565100
07-02-2020,12151.15039,12154.7002,12073.9502,12098.34961,12098.34961,473500
10-02-2020,12102.34961,12103.54981,11990.75,12031.5,12031.5,524700
11-02-2020,12108.40039,12172.29981,12099,12107.90039,12107.90039,480000
12-02-2020,12151,12231.75,12144.29981,12201.2002,12201.2002,411700
13-02-2020,12219.54981,12225.65039,12139.79981,12174.65039,12174.65039,501200
14-02-2020,12190.15039,12246.7002,12091.2002,12113.4502,12113.4502,622800
17-02-2020,12131.79981,12159.59961,12037,12045.79981,12045.79981,0
18-02-2020,12028.25,12030.75,11908.04981,11992.5,11992.5,676900
19-02-2020,12090.59961,12134.7002,12042.09961,12125.90039,12125.90039,513600
20-02-2020,12119,12152,12071.4502,12080.84961,12080.84961,502600
24-02-2020,12012.54981,12012.54981,11813.40039,11829.40039,11829.40039,490800
25-02-2020,11877.5,11883.04981,11779.90039,11797.90039,11797.90039,461000
26-02-2020,11738.54981,11783.25,11639.59961,11678.5,11678.5,567600
27-02-2020,11661.25,11663.84961,11536.7002,11633.29981,11633.29981,608600
28-02-2020,11382,11384.79981,11175.04981,11201.75,11201.75,809900
02-03-2020,11387.34961,11433,11036.25,11132.75,11132.75,680800
03-03-2020,11217.54981,11342.25,11152.54981,11303.29981,11303.29981,696500
04-03-2020,11351.34961,11356.59961,11082.15039,11251,11251,797700
05-03-2020,11306.04981,11389.5,11244.59961,11269,11269,1352500
06-03-2020,10942.65039,11035.09961,10827.40039,10989.4502,10989.4502,1811000
09-03-2020,10742.04981,10751.54981,10294.4502,10451.4502,10451.4502,1565500
11-03-2020,10334.29981,10545.09961,10334,10458.40039,10458.40039,1218500
12-03-2020,10039.9502,10040.75,9508,9590.150391,9590.150391,1343500
13-03-2020,9107.599609,10159.40039,8555.150391,9955.200195,9955.200195,1388000
16-03-2020,9587.799805,9602.200195,9165.099609,9197.400391,9197.400391,897700
17-03-2020,9285.400391,9403.799805,8915.599609,8967.049805,8967.049805,935600
18-03-2020,9088.450195,9127.549805,8407.049805,8468.799805,8468.799805,1516600
19-03-2020,8063.299805,8575.450195,7832.549805,8263.450195,8263.450195,925700
20-03-2020,8284.450195,8883,8178.200195,8745.450195,8745.450195,1071500
23-03-2020,7945.700195,8159.25,7583.600098,7610.25,7610.25,653500
24-03-2020,7848.299805,8036.950195,7511.100098,7801.049805,7801.049805,738400
25-03-2020,7735.149902,8376.75,7714.75,8317.849609,8317.849609,736900
26-03-2020,8451,8749.049805,8304.900391,8641.450195,8641.450195,865600
27-03-2020,8949.099609,9038.900391,8522.900391,8660.25,8660.25,801500
30-03-2020,8385.950195,8576,8244,8281.099609,8281.099609,593300
31-03-2020,8529.349609,8678.299805,8358,8597.75,8597.75,712700
01-04-2020,8584.099609,8588.099609,8198.349609,8253.799805,8253.799805,506300
03-04-2020,8356.549805,8356.549805,8055.799805,8083.799805,8083.799805,697000
07-04-2020,8446.299805,8819.400391,8360.950195,8792.200195,8792.200195,814200
08-04-2020,8688.900391,9131.700195,8653.900391,8748.75,8748.75,896500
09-04-2020,8973.049805,9128.349609,8904.549805,9111.900391,9111.900391,742100
13-04-2020,9103.950195,9112.049805,8912.400391,8993.849609,8993.849609,644000
15-04-2020,9196.400391,9261.200195,8874.099609,8925.299805,8925.299805,879100
16-04-2020,8851.25,9053.75,8821.900391,8992.799805,8992.799805,719400
17-04-2020,9323.450195,9324,9091.349609,9266.75,9266.75,684200
20-04-2020,9390.200195,9390.849609,9230.799805,9261.849609,9261.849609,726400
21-04-2020,9016.950195,9044.400391,8909.400391,8981.450195,8981.450195,655100
22-04-2020,9026.75,9209.75,8946.25,9187.299805,9187.299805,734400
23-04-2020,9232.349609,9343.599609,9170.150391,9313.900391,9313.900391,666700
24-04-2020,9163.900391,9296.900391,9141.299805,9154.400391,9154.400391,659400
27-04-2020,9259.700195,9377.099609,9250.349609,9282.299805,9282.299805,512800
28-04-2020,9389.799805,9404.400391,9260,9380.900391,9380.900391,614500
29-04-2020,9408.599609,9599.849609,9392.349609,9553.349609,9553.349609,653000
30-04-2020,9753.5,9889.049805,9731.5,9859.900391,9859.900391,931200
04-05-2020,9533.5,9533.5,9266.950195,9293.5,9293.5,687500
05-05-2020,9429.400391,9450.900391,9190.75,9205.599609,9205.599609,725200
06-05-2020,9226.799805,9346.900391,9116.5,9270.900391,9270.900391,722200
07-05-2020,9234.049805,9277.849609,9175.900391,9199.049805,9199.049805,708700
08-05-2020,9376.950195,9382.650391,9238.200195,9251.5,9251.5,609100
11-05-2020,9348.150391,9439.900391,9219.950195,9239.200195,9239.200195,704600
12-05-2020,9168.849609,9240.849609,9043.950195,9196.549805,9196.549805,805500
13-05-2020,9584.200195,9584.5,9351.099609,9383.549805,9383.549805,846400
14-05-2020,9213.950195,9281.099609,9119.75,9142.75,9142.75,602600
15-05-2020,9182.400391,9182.400391,9050,9136.849609,9136.849609,575900
18-05-2020,9158.299805,9158.299805,8806.75,8823.25,8823.25,773000
19-05-2020,8961.700195,9030.349609,8855.299805,8879.099609,8879.099609,762200
20-05-2020,8889.150391,9093.799805,8875.349609,9066.549805,9066.549805,622300
21-05-2020,9079.450195,9178.549805,9056.099609,9106.25,9106.25,631500
22-05-2020,9067.900391,9149.599609,8968.549805,9039.25,9039.25,675800
26-05-2020,9099.75,9161.650391,8996.650391,9029.049805,9029.049805,655000
27-05-2020,9082.200195,9334,9004.25,9314.950195,9314.950195,763500
28-05-2020,9364.950195,9511.25,9336.5,9490.099609,9490.099609,837900
29-05-2020,9422.200195,9598.849609,9376.900391,9580.299805,9580.299805,967000
01-06-2020,9726.849609,9931.599609,9706.950195,9826.150391,9826.150391,794200
02-06-2020,9880.849609,9995.599609,9824.049805,9979.099609,9979.099609,770200
03-06-2020,10108.29981,10176.2002,10035.54981,10061.54981,10061.54981,794700
04-06-2020,10054.25,10123.84961,9944.25,10029.09961,10029.09961,775100
05-06-2020,10093.79981,10177.79981,10040.75,10142.15039,10142.15039,987100
08-06-2020,10326.75,10328.5,10120.25,10167.4502,10167.4502,936500
09-06-2020,10181.15039,10291.15039,10021.4502,10046.65039,10046.65039,754200
10-06-2020,10072.59961,10148.75,10036.84961,10116.15039,10116.15039,632400
11-06-2020,10094.09961,10112.04981,9885.049805,9902,9902,715500
12-06-2020,9544.950195,9996.049805,9544.349609,9972.900391,9972.900391,796300
15-06-2020,9919.349609,9943.349609,9726.349609,9813.700195,9813.700195,716100
16-06-2020,10014.79981,10046.15039,9728.5,9914,9914,899900
17-06-2020,9876.700195,10003.59961,9833.799805,9881.150391,9881.150391,685400
18-06-2020,9863.25,10111.2002,9845.049805,10091.65039,10091.65039,622900
19-06-2020,10119,10272.40039,10072.65039,10244.40039,10244.40039,892100
22-06-2020,10318.75,10393.65039,10277.59961,10311.2002,10311.2002,685400
23-06-2020,10347.9502,10484.7002,10301.75,10471,10471,669200
24-06-2020,10529.25,10553.15039,10281.9502,10305.29981,10305.29981,854800
25-06-2020,10235.54981,10361.79981,10194.5,10288.90039,10288.90039,994200
26-06-2020,10378.90039,10409.84961,10311.25,10383,10383,671900
29-06-2020,10311.9502,10337.9502,10223.59961,10312.40039,10312.40039,574500
30-06-2020,10382.59961,10401.04981,10267.34961,10302.09961,10302.09961,556200
01-07-2020,10323.79981,10447.04981,10299.59961,10430.04981,10430.04981,573600
02-07-2020,10493.04981,10598.2002,10485.54981,10551.7002,10551.7002,597400
03-07-2020,10614.9502,10631.29981,10562.65039,10607.34961,10607.34961,525200
06-07-2020,10723.84961,10811.40039,10695.09961,10763.65039,10763.65039,571200
07-07-2020,10802.84961,10813.79981,10689.7002,10799.65039,10799.65039,636800
08-07-2020,10818.65039,10847.84961,10676.54981,10705.75,10705.75,767900
09-07-2020,10755.54981,10836.84961,10733,10813.4502,10813.4502,618700
10-07-2020,10764.09961,10819.40039,10713,10768.04981,10768.04981,590700
13-07-2020,10851.84961,10894.04981,10756.04981,10802.7002,10802.7002,554100
14-07-2020,10750.84961,10755.65039,10562.90039,10607.34961,10607.34961,532400
15-07-2020,10701,10827.4502,10577.75,10618.2002,10618.2002,715900
16-07-2020,10706.2002,10755.29981,10595.2002,10739.9502,10739.9502,694400
17-07-2020,10752,10933.4502,10749.65039,10901.7002,10901.7002,676900
20-07-2020,10999.4502,11037.90039,10953,11022.2002,11022.2002,554300
21-07-2020,11126.09961,11179.54981,11113.25,11162.25,11162.25,772000
22-07-2020,11231.2002,11238.09961,11056.54981,11132.59961,11132.59961,765100
23-07-2020,11135,11239.79981,11103.15039,11215.4502,11215.4502,621600
24-07-2020,11149.9502,11225.40039,11090.29981,11194.15039,11194.15039,678900
27-07-2020,11225,11225,11087.84961,11131.79981,11131.79981,588100
28-07-2020,11154.09961,11317.75,11151.40039,11300.54981,11300.54981,683900
29-07-2020,11276.90039,11341.40039,11149.75,11202.84961,11202.84961,600700
30-07-2020,11254.29981,11299.9502,11084.9502,11102.15039,11102.15039,677800
31-07-2020,11139.5,11150.40039,11026.65039,11073.4502,11073.4502,642600
03-08-2020,11057.54981,11058.04981,10882.25,10891.59961,10891.59961,680900
04-08-2020,10946.65039,11112.25,10908.09961,11095.25,11095.25,625700
05-08-2020,11155.75,11225.65039,11064.04981,11101.65039,11101.65039,667600
06-08-2020,11185.7002,11256.79981,11127.29981,11200.15039,11200.15039,600400
07-08-2020,11186.65039,11231.90039,11142.04981,11214.04981,11214.04981,452600
10-08-2020,11270.25,11337.29981,11238,11270.15039,11270.15039,492000
11-08-2020,11322.25,11373.59961,11299.15039,11322.5,11322.5,586100
12-08-2020,11289,11322,11242.65039,11308.40039,11308.40039,609900
13-08-2020,11334.84961,11359.29981,11269.9502,11300.4502,11300.4502,562400
14-08-2020,11353.29981,11366.25,11111.4502,11178.40039,11178.40039,645100
17-08-2020,11248.90039,11267.09961,11144.5,11247.09961,11247.09961,634000
18-08-2020,11259.79981,11401.7002,11253.15039,11385.34961,11385.34961,579200
19-08-2020,11452.15039,11460.34961,11394.09961,11408.40039,11408.40039,626200
20-08-2020,11317.4502,11361.4502,11289.79981,11312.2002,11312.2002,791600
21-08-2020,11409.65039,11418.5,11362.2002,11371.59961,11371.59961,668700
24-08-2020,11412,11497.25,11410.65039,11466.4502,11466.4502,532900
25-08-2020,11513.09961,11525.90039,11423.34961,11472.25,11472.25,638200
26-08-2020,11512.84961,11561.75,11461.84961,11549.59961,11549.59961,743400
27-08-2020,11609.29981,11617.34961,11540.59961,11559.25,11559.25,719800
28-08-2020,11602.9502,11686.04981,11589.40039,11647.59961,11647.59961,807000
31-08-2020,11777.54981,11794.25,11325.84961,11387.5,11387.5,1371800
01-09-2020,11464.29981,11553.54981,11366.90039,11470.25,11470.25,783800
02-09-2020,11478.54981,11554.75,11430.40039,11535,11535,593500
03-09-2020,11566.2002,11584.9502,11507.65039,11527.4502,11527.4502,607100
04-09-2020,11354.40039,11452.04981,11303.65039,11333.84961,11333.84961,681300
07-09-2020,11359.59961,11381.15039,11251.7002,11355.04981,11355.04981,560300
08-09-2020,11378.54981,11437.25,11290.4502,11317.34961,11317.34961,572200
09-09-2020,11218.59961,11298.15039,11185.15039,11278,11278,728900
10-09-2020,11363.29981,11464.04981,11327.40039,11449.25,11449.25,679400
11-09-2020,11447.79981,11493.5,11419.90039,11464.4502,11464.4502,554800
14-09-2020,11540.15039,11568.90039,11383.54981,11440.04981,11440.04981,642300
15-09-2020,11487.2002,11535.9502,11442.25,11521.79981,11521.79981,506700
16-09-2020,11538.4502,11618.09961,11516.75,11604.54981,11604.54981,527800
17-09-2020,11539.40039,11587.2002,11498.5,11516.09961,11516.09961,0
18-09-2020,11584.09961,11584.09961,11446.09961,11504.9502,11504.9502,764200
21-09-2020,11503.79981,11535.25,11218.5,11250.54981,11250.54981,602900
22-09-2020,11301.75,11302.2002,11084.65039,11153.65039,11153.65039,672200
23-09-2020,11258.75,11259.54981,11024.40039,11131.84961,11131.84961,714900
24-09-2020,11011,11015.29981,10790.2002,10805.54981,10805.54981,706100
25-09-2020,10910.40039,11072.59961,10854.84961,11050.25,11050.25,559600
28-09-2020,11140.84961,11239.34961,11099.84961,11227.54981,11227.54981,472800
29-09-2020,11288.59961,11305.40039,11181,11222.40039,11222.40039,498300
30-09-2020,11244.4502,11295.40039,11184.54981,11247.54981,11247.54981,499300
01-10-2020,11364.4502,11428.59961,11347.04981,11416.9502,11416.9502,447700
05-10-2020,11487.79981,11578.04981,11452.29981,11503.34961,11503.34961,530600
06-10-2020,11603.4502,11680.29981,11564.29981,11662.40039,11662.40039,561400
07-10-2020,11679.25,11763.04981,11629.34961,11738.84961,11738.84961,513400
08-10-2020,11835.40039,11905.7002,11791.15039,11834.59961,11834.59961,608800
09-10-2020,11852.04981,11938.59961,11805.2002,11914.2002,11914.2002,611100
12-10-2020,11973.54981,12022.04981,11867.2002,11930.9502,11930.9502,522600
13-10-2020,11934.65039,11988.2002,11888.90039,11934.5,11934.5,458300
14-10-2020,11917.40039,11997.2002,11822.15039,11971.04981,11971.04981,569200
15-10-2020,12023.4502,12025.4502,11661.29981,11680.34961,11680.34961,608900
16-10-2020,11727.40039,11789.75,11667.84961,11762.4502,11762.4502,555800
19-10-2020,11879.2002,11898.25,11820.40039,11873.04981,11873.04981,541400
20-10-2020,11861,11949.25,11837.25,11896.79981,11896.79981,453600
21-10-2020,11958.54981,12018.65039,11775.75,11937.65039,11937.65039,623700
22-10-2020,11890,11939.54981,11823.4502,11896.4502,11896.4502,544900
23-10-2020,11957.90039,11974.54981,11908.75,11930.34961,11930.34961,502300
26-10-2020,11937.40039,11942.84961,11711.7002,11767.75,11767.75,519800
27-10-2020,11807.09961,11899.04981,11723,11889.40039,11889.40039,616300
28-10-2020,11922.59961,11929.40039,11684.84961,11729.59961,11729.59961,704000
29-10-2020,11633.29981,11744.15039,11606.4502,11670.79981,11670.79981,555000
30-10-2020,11678.4502,11748.9502,11535.4502,11642.40039,11642.40039,553700
02-11-2020,11697.34961,11725.65039,11557.40039,11669.15039,11669.15039,568400
03-11-2020,11734.4502,11836.2002,11723.29981,11813.5,11813.5,674300
04-11-2020,11783.34961,11929.65039,11756.40039,11908.5,11908.5,667300
05-11-2020,12062.40039,12131.09961,12027.59961,12120.29981,12120.29981,632500
06-11-2020,12156.65039,12280.40039,12131.84961,12263.54981,12263.54981,576800
09-11-2020,12399.40039,12474.04981,12367.34961,12461.04981,12461.04981,553400
10-11-2020,12556.40039,12643.90039,12475.25,12631.09961,12631.09961,847500
11-11-2020,12680.59961,12769.75,12571.09961,12749.15039,12749.15039,880500
12-11-2020,12702.15039,12741.15039,12624.84961,12690.79981,12690.79981,622000
13-11-2020,12659.7002,12735.9502,12607.7002,12719.9502,12719.9502,513900
14-11-2020,null,null,null,null,null,null
17-11-2020,12932.5,12934.04981,12797.09961,12874.2002,12874.2002,707700
18-11-2020,12860.09961,12948.84961,12819.34961,12938.25,12938.25,731300
19-11-2020,12839.5,12963,12745.75,12771.7002,12771.7002,768800
20-11-2020,12813.40039,12892.4502,12730.25,12859.04981,12859.04981,664000
23-11-2020,12960.29981,12968.84961,12825.7002,12926.4502,12926.4502,633100
24-11-2020,13002.59961,13079.09961,12978,13055.15039,13055.15039,571900
25-11-2020,13130,13145.84961,12833.65039,12858.40039,12858.40039,679000
26-11-2020,12906.4502,13018,12790.40039,12987,12987,549800
27-11-2020,13012.04981,13035.29981,12914.29981,12968.9502,12968.9502,1162400
01-12-2020,13062.2002,13128.40039,12962.79981,13109.04981,13109.04981,583600
02-12-2020,13121.40039,13128.5,12983.54981,13113.75,13113.75,717700
03-12-2020,13215.29981,13216.59961,13107.90039,13133.90039,13133.90039,713700
04-12-2020,13177.40039,13280.04981,13152.84961,13258.54981,13258.54981,640500
07-12-2020,13264.84961,13366.65039,13241.9502,13355.75,13355.75,591700
08-12-2020,13393.84961,13435.4502,13311.04981,13392.9502,13392.9502,543200
09-12-2020,13458.09961,13548.90039,13449.59961,13529.09961,13529.09961,502600
10-12-2020,13488.5,13503.54981,13399.29981,13478.29981,13478.29981,553400
11-12-2020,13512.29981,13579.34961,13402.84961,13513.84961,13513.84961,787700
14-12-2020,13571.4502,13597.5,13472.4502,13558.15039,13558.15039,558400
15-12-2020,13547.2002,13589.65039,13447.04981,13567.84961,13567.84961,497600
16-12-2020,13663.09961,13692.34961,13606.4502,13682.7002,13682.7002,462200
17-12-2020,13713.54981,13773.25,13673.54981,13740.7002,13740.7002,416000
18-12-2020,13764.40039,13772.84961,13658.59961,13760.54981,13760.54981,519400
21-12-2020,13741.90039,13777.5,13131.4502,13328.40039,13328.40039,687300
22-12-2020,13373.65039,13492.04981,13192.90039,13466.29981,13466.29981,696200
23-12-2020,13473.5,13619.4502,13432.2002,13601.09961,13601.09961,458700
24-12-2020,13672.15039,13771.75,13626.90039,13749.25,13749.25,471400
28-12-2020,13815.15039,13885.29981,13811.54981,13873.2002,13873.2002,403600
29-12-2020,13910.34961,13967.59961,13859.90039,13932.59961,13932.59961,439600
30-12-2020,13980.90039,13997,13864.9502,13981.9502,13981.9502,380700
31-12-2020,13970,14024.84961,13936.4502,13981.75,13981.75,452400
01-01-2021,null,null,null,null,null,null
04-01-2021,14104.34961,14147.9502,13953.75,14132.90039,14132.90039,495000
05-01-2021,14075.15039,14215.59961,14048.15039,14199.5,14199.5,492500
06-01-2021,14240.9502,14244.15039,14039.90039,14146.25,14146.25,632300
07-01-2021,14253.75,14256.25,14123.09961,14137.34961,14137.34961,559200
08-01-2021,14258.40039,14367.29981,14221.65039,14347.25,14347.25,613500
11-01-2021,14474.04981,14498.2002,14383.09961,14484.75,14484.75,672900
12-01-2021,14473.79981,14590.65039,14432.84961,14563.4502,14563.4502,929600
13-01-2021,14639.79981,14653.34961,14435.7002,14564.84961,14564.84961,874000
14-01-2021,14550.04981,14617.79981,14471.5,14595.59961,14595.59961,620200
15-01-2021,14594.34961,14617.4502,14357.84961,14433.7002,14433.7002,789600
18-01-2021,14453.29981,14459.15039,14222.79981,14281.29981,14281.29981,762000
19-01-2021,14371.65039,14546.04981,14350.84961,14521.15039,14521.15039,546100
20-01-2021,14538.29981,14666.4502,14517.54981,14644.7002,14644.7002,623100
21-01-2021,14730.9502,14753.54981,14517.25,14590.34961,14590.34961,704600
22-01-2021,14583.40039,14619.90039,14357.75,14371.90039,14371.90039,776800
25-01-2021,14477.79981,14491.09961,14218.59961,14238.90039,14238.90039,618600
27-01-2021,14237.9502,14237.9502,13929.29981,13967.5,13967.5,660700
28-01-2021,13810.40039,13898.25,13713.25,13817.54981,13817.54981,637900
29-01-2021,13946.59961,13966.84961,13596.75,13634.59961,13634.59961,753200
01-02-2021,13758.59961,14336.34961,13661.75,14281.2002,14281.2002,870500
02-02-2021,14481.09961,14731.7002,14469.15039,14647.84961,14647.84961,915000
03-02-2021,14754.90039,14868.84961,14574.15039,14789.9502,14789.9502,869500
04-02-2021,14789.04981,14913.7002,14714.75,14895.65039,14895.65039,884700
05-02-2021,14952.59961,15014.65039,14864.75,14924.25,14924.25,935600
08-02-2021,15064.29981,15159.90039,15041.04981,15115.79981,15115.79981,671200
09-02-2021,15164.15039,15257.09961,15064.29981,15109.29981,15109.29981,713300
10-02-2021,15119.04981,15168.25,14977.2002,15106.5,15106.5,624800
11-02-2021,15073.25,15188.5,15065.40039,15173.29981,15173.29981,500100
12-02-2021,15186.2002,15243.5,15081,15163.29981,15163.29981,571800
15-02-2021,15270.29981,15340.15039,15243.40039,15314.7002,15314.7002,456000
16-02-2021,15371.4502,15431.75,15242.2002,15313.4502,15313.4502,648500
17-02-2021,15279.90039,15314.29981,15170.75,15208.90039,15208.90039,504800
18-02-2021,15238.7002,15250.75,15078.04981,15118.9502,15118.9502,770600
19-02-2021,15074.79981,15144.04981,14898.2002,14981.75,14981.75,712200
22-02-2021,14999.04981,15010.09961,14635.04981,14675.7002,14675.7002,609900
23-02-2021,14782.25,14854.5,14651.84961,14707.79981,14707.79981,744100
24-02-2021,14729.15039,15008.79981,14504.5,14982,14982,403800
25-02-2021,15079.84961,15176.5,15065.34961,15097.34961,15097.34961,803900
26-02-2021,14888.59961,14919.4502,14467.75,14529.15039,14529.15039,1103600
01-03-2021,14702.5,14806.79981,14638.54981,14761.54981,14761.54981,507300
02-03-2021,14865.29981,14959.09961,14760.79981,14919.09961,14919.09961,621700
03-03-2021,15064.40039,15273.15039,14995.79981,15245.59961,15245.59961,544200
04-03-2021,15026.75,15202.34961,14980.2002,15080.75,15080.75,534900
05-03-2021,14977.9502,15092.34961,14862.09961,14938.09961,14938.09961,640700
08-03-2021,15002.4502,15111.15039,14919.90039,14956.2002,14956.2002,0
09-03-2021,15049.90039,15126.84961,14925.4502,15098.40039,15098.40039,675300
10-03-2021,15202.15039,15218.4502,15100.84961,15174.79981,15174.79981,404600
12-03-2021,15321.15039,15336.29981,14953.59961,15030.9502,15030.9502,493200
15-03-2021,15048.40039,15048.40039,14745.84961,14929.5,14929.5,467500
16-03-2021,14996.09961,15051.59961,14890.65039,14910.4502,14910.4502,100
17-03-2021,14946.54981,14956.54981,14696.04981,14721.29981,14721.29981,100
18-03-2021,14855.5,14875.2002,14478.59961,14557.84961,14557.84961,542200
19-03-2021,14471.15039,14788.25,14350.09961,14744,14744,919200
22-03-2021,14736.29981,14763.90039,14597.84961,14736.40039,14736.40039,459000
23-03-2021,14768.54981,14878.59961,14707,14814.75,14814.75,474200
24-03-2021,14712.4502,14752.34961,14535,14549.40039,14549.40039,456400
25-03-2021,14570.90039,14575.59961,14264.40039,14324.90039,14324.90039,606800
26-03-2021,14506.29981,14572.90039,14414.25,14507.29981,14507.29981,481000
30-03-2021,14628.5,14876.29981,14617.59961,14845.09961,14845.09961,594500
31-03-2021,14811.84961,14813.75,14670.25,14690.7002,14690.7002,463900
01-04-2021,14798.40039,14883.2002,14692.4502,14867.34961,14867.34961,445000
05-04-2021,14837.7002,14849.84961,14459.5,14637.79981,14637.79981,509700
06-04-2021,14737,14779.09961,14573.90039,14683.5,14683.5,475300
07-04-2021,14716.4502,14879.79981,14649.84961,14819.04981,14819.04981,0
08-04-2021,14875.65039,14984.15039,14821.09961,14873.79981,14873.79981,514800
09-04-2021,14882.65039,14918.4502,14785.65039,14834.84961,14834.84961,504100
12-04-2021,14644.65039,14652.5,14248.7002,14310.79981,14310.79981,650200
13-04-2021,14364.90039,14528.90039,14274.90039,14504.79981,14504.79981,605100
15-04-2021,14522.40039,14597.54981,14353.2002,14581.4502,14581.4502,568000
16-04-2021,14599.59961,14697.7002,14559,14617.84961,14617.84961,577200
19-04-2021,14306.59961,14382.29981,14191.40039,14359.4502,14359.4502,512300
20-04-2021,14526.7002,14526.9502,14207.29981,14296.40039,14296.40039,467400
22-04-2021,14219.15039,14424.75,14151.40039,14406.15039,14406.15039,524600
23-04-2021,14326.34961,14461.15039,14273.29981,14341.34961,14341.34961,498100
26-04-2021,14449.4502,14557.5,14421.29981,14485,14485,452700
27-04-2021,14493.79981,14667.54981,14484.84961,14653.04981,14653.04981,451800
28-04-2021,14710.5,14890.25,14694.9502,14864.54981,14864.54981,457000
29-04-2021,14979,15044.34961,14814.4502,14894.90039,14894.90039,517500
30-04-2021,14747.34961,14855.4502,14601.7002,14631.09961,14631.09961,613900
03-05-2021,14481.04981,14673.84961,14416.25,14634.15039,14634.15039,448900
04-05-2021,14687.25,14723.40039,14461.5,14496.5,14496.5,503400
05-05-2021,14604.15039,14637.90039,14506.59961,14617.84961,14617.84961,455900
06-05-2021,14668.34961,14743.90039,14611.5,14724.79981,14724.79981,467800
07-05-2021,14816.84961,14863.04981,14765.5,14823.15039,14823.15039,488000
10-05-2021,14928.25,14966.90039,14892.5,14942.34961,14942.34961,522000
11-05-2021,14789.7002,14900,14771.40039,14850.75,14850.75,647400
12-05-2021,14823.54981,14824.04981,14649.7002,14696.5,14696.5,643800
14-05-2021,14749.40039,14749.65039,14591.90039,14677.79981,14677.79981,620700
17-05-2021,14756.25,14938,14725.34961,14923.15039,14923.15039,546400
18-05-2021,15067.2002,15137.25,15043.7002,15108.09961,15108.09961,583900
19-05-2021,15058.59961,15133.40039,15008.84961,15030.15039,15030.15039,569100
20-05-2021,15042.59961,15069.79981,14884.90039,14906.04981,14906.04981,480300
21-05-2021,14987.79981,15190,14985.84961,15175.29981,15175.29981,572900
24-05-2021,15211.34961,15256.25,15145.4502,15197.7002,15197.7002,579800
25-05-2021,15291.75,15293.84961,15163.40039,15208.4502,15208.4502,441500
26-05-2021,15257.04981,15319.90039,15194.9502,15301.4502,15301.4502,384000
27-05-2021,15323.9502,15384.54981,15272.5,15337.84961,15337.84961,0
28-05-2021,15421.2002,15469.65039,15394.75,15435.65039,15435.65039,468100
31-05-2021,15437.75,15606.34961,15374,15582.79981,15582.79981,436000
01-06-2021,15629.65039,15660.75,15528.29981,15574.84961,15574.84961,409600
02-06-2021,15520.34961,15597.4502,15459.84961,15576.2002,15576.2002,428600
03-06-2021,15655.54981,15705.09961,15611,15690.34961,15690.34961,410200
04-06-2021,15712.5,15733.59961,15622.34961,15670.25,15670.25,414200
07-06-2021,15725.09961,15773.4502,15678.09961,15751.65039,15751.65039,394000
08-06-2021,15773.90039,15778.79981,15680,15740.09961,15740.09961,378200
09-06-2021,15766.29981,15800.4502,15566.90039,15635.34961,15635.34961,457900
10-06-2021,15692.09961,15751.25,15648.5,15737.75,15737.75,298300
11-06-2021,15796.4502,15835.54981,15749.79981,15799.34961,15799.34961,363000
14-06-2021,15791.40039,15823.04981,15606.5,15811.84961,15811.84961,392900
15-06-2021,15866.9502,15901.59961,15842.40039,15869.25,15869.25,323300
16-06-2021,15847.5,15880.84961,15742.59961,15767.54981,15767.54981,340200
17-06-2021,15648.29981,15769.34961,15616.75,15691.40039,15691.40039,357600
18-06-2021,15756.5,15761.5,15450.90039,15683.34961,15683.34961,640800
21-06-2021,15525.84961,15765.15039,15505.65039,15746.5,15746.5,351500
22-06-2021,15840.5,15895.75,15752.09961,15772.75,15772.75,322200
23-06-2021,15862.79981,15862.9502,15673.9502,15686.9502,15686.9502,287500
24-06-2021,15737.29981,15821.40039,15702.7002,15790.4502,15790.4502,316700
25-06-2021,15839.34961,15870.79981,15772.29981,15860.34961,15860.34961,314600
28-06-2021,15915.34961,15915.65039,15792.15039,15814.7002,15814.7002,255100
29-06-2021,15807.5,15835.90039,15724.04981,15748.4502,15748.4502,360300
30-06-2021,15776.90039,15839.09961,15708.75,15721.5,15721.5,262400
