Date,Open,High,Low,Volume,NSE_Close,Close
01-07-2016,243.300003,259.75,242.600006,27944232,8328.349609,252.350006
04-07-2016,254,254,244,13996866,8370.700195,244.899994
05-07-2016,245.850006,247,242.199997,8989659,8335.950195,243.550003
07-07-2016,244.5,248.649994,243.899994,8960871,8337.900391,247
08-07-2016,247.399994,247.399994,242.5,6899736,8323.200195,245.850006
11-07-2016,248.300003,251.600006,246.75,7268008,8467.900391,249.149994
12-07-2016,250.949997,251.949997,247,4143359,8521.049805,248.399994
13-07-2016,248.449997,249.199997,246,4343149,8519.5,247.100006
14-07-2016,247,251,245.100006,6091985,8565,248.699997
15-07-2016,249,252.550003,247.550003,9345945,8541.400391,248.850006
18-07-2016,249.050003,249.949997,247.600006,6825393,8508.700195,248.899994
19-07-2016,249,250,245.600006,6721210,8528.549805,249.050003
20-07-2016,249.050003,252,247.949997,9312596,8565.849609,250.25
21-07-2016,253,253.5,246.5,11716926,8510.099609,250.600006
22-07-2016,253.149994,256.200012,247.149994,15780372,8541.200195,249.850006
25-07-2016,249.5,252,249,8870687,8635.650391,251.75
26-07-2016,251.649994,253.550003,250.5,6817790,8590.650391,251.75
27-07-2016,251,253.699997,246.300003,8898401,8615.799805,247.399994
28-07-2016,249.399994,255.399994,248.25,11350187,8666.299805,254.300003
29-07-2016,254.199997,256.5,251.399994,12129756,8638.5,252.449997
01-08-2016,252,255.199997,249.550003,9557988,8636.549805,250.600006
02-08-2016,251,262,251,16779344,8622.900391,260.799988
03-08-2016,260,260,251.25,10985767,8544.849609,252.699997
04-08-2016,254,254.850006,250.199997,8661776,8551.099609,252.100006
05-08-2016,252.149994,256.5,251.100006,4365077,8683.150391,252.550003
08-08-2016,253,254.75,249.5,8415212,8711.349609,249.949997
09-08-2016,250,250,246.100006,9358418,8678.25,247.649994
10-08-2016,248,248.399994,245.800003,5255295,8575.299805,246.5
11-08-2016,247,252.800003,246.550003,10744356,8592.150391,251.649994
12-08-2016,250.550003,255.5,250.300003,8284563,8592,254.100006
16-08-2016,254.25,258,253.449997,10293289,8642.549805,255.100006
17-08-2016,254.550003,256.75,252.199997,8328306,8624.049805,253.699997
18-08-2016,254.399994,255.399994,251.5,6682090,8673.25,252.149994
19-08-2016,252,252.399994,249.75,5326232,8666.900391,250.949997
22-08-2016,251.649994,254.75,251.5,4184797,8629.150391,254.100006
23-08-2016,254.399994,255,250.300003,6446460,8632.599609,251.399994
24-08-2016,251.199997,252,249.100006,5382879,8650.299805,250.25
25-08-2016,252.100006,255,250.25,9518272,8592.200195,253.449997
26-08-2016,253.350006,254.899994,252.050003,4753304,8572.549805,253.800003
29-08-2016,253,253.949997,251.050003,4272618,8607.450195,252.800003
30-08-2016,253.699997,257.899994,253.050003,7692800,8744.349609,257.299988
31-08-2016,258.299988,261.5,256.399994,12773632,8786.200195,260.049988
01-09-2016,261,263,259.100006,8373128,8774.650391,261
02-09-2016,262,263.700012,260.25,9154358,8809.650391,262.899994
06-09-2016,263,265.899994,261.100006,9166823,8943,262.600006
07-09-2016,264,264.950012,262,6409700,8917.950195,262.799988
08-09-2016,263.5,265.549988,262.700012,8324999,8952.5,264.899994
09-09-2016,263,264.450012,257.049988,9755948,8866.700195,258.299988
12-09-2016,255.949997,256.700012,251.75,7344276,8715.599609,252.25
14-09-2016,251,253.100006,249.550003,12537688,8726.599609,251.850006
15-09-2016,252.5,257.899994,252.5,7778214,8742.549805,255.899994
16-09-2016,256,262.200012,255.399994,14038158,8779.849609,260.350006
19-09-2016,261.5,262.600006,258.25,6474978,8808.400391,258.850006
20-09-2016,259.200012,259.25,255.25,6686674,8775.900391,256.950012
21-09-2016,256.700012,258.799988,253,8800312,8777.150391,253.649994
22-09-2016,255.449997,257.200012,253.75,7692200,8867.450195,255.25
23-09-2016,255,257,251.800003,4952284,8831.549805,253.449997
26-09-2016,253,253.25,247.5,9687011,8723.049805,248.050003
27-09-2016,248.649994,249.25,245,6644898,8706.400391,245.850006
28-09-2016,246.300003,249.399994,245.5,7362899,8745.150391,246.949997
29-09-2016,248.100006,249.300003,241,17433461,8591.25,245.699997
30-09-2016,245.649994,246.949997,240.5,9545123,8611.150391,241.350006
03-10-2016,244.199997,244.199997,241.550003,6465942,8738.099609,242.300003
04-10-2016,243,243.949997,240.350006,7705953,8769.150391,241.199997
05-10-2016,241.800003,243.25,239.199997,6230512,8743.950195,240.199997
06-10-2016,242,242,235.649994,8652862,8709.549805,237.399994
07-10-2016,237.899994,240.25,236.75,4010140,8697.599609,238.949997
10-10-2016,242,242.600006,239.550003,5046890,8708.799805,240.100006
13-10-2016,240.100006,241.449997,236.949997,10678038,8573.349609,238.949997
14-10-2016,239,240.5,238.050003,9223856,8583.400391,239.899994
17-10-2016,239.899994,241.75,238.5,6143393,8520.400391,240.600006
18-10-2016,241,246.550003,240.300003,11780776,8677.900391,245.949997
19-10-2016,245.649994,245.649994,238.399994,8410637,8659.099609,239.449997
20-10-2016,241,241.350006,238.100006,4402661,8699.400391,239.350006
21-10-2016,239,241.149994,238.75,10592011,8693.049805,240.149994
24-10-2016,241,242,239.699997,9575846,8708.950195,241.350006
25-10-2016,242.899994,242.899994,238.149994,5948249,8691.299805,238.75
26-10-2016,239.850006,242.5,233.5,23931286,8615.25,238.75
27-10-2016,241.199997,244.800003,239.649994,15352545,8615.25,243.100006
28-10-2016,244.300003,244.300003,239.5,9315645,8638,243.100006
01-11-2016,242.800003,242.800003,239.149994,5517915,8626.25,239.949997
02-11-2016,237,238.949997,235.100006,4687370,8514,237.300003
03-11-2016,237.050003,242.300003,236,8868972,8484.950195,240.300003
04-11-2016,251.5,256.399994,247.050003,35263032,8433.75,249.050003
07-11-2016,253.800003,259.649994,247,24268097,8497.049805,256.5
08-11-2016,256.5,257.399994,252.199997,9935323,8543.549805,255.600006
09-11-2016,239.149994,255,238.550003,23027306,8432,248.149994
10-11-2016,252.850006,253,245.550003,11567186,8525.75,251.050003
11-11-2016,248,248.949997,241,12741988,8296.299805,242.949997
15-11-2016,241.949997,246.899994,235.800003,21196400,8108.450195,237.5
16-11-2016,237.949997,239.100006,228.050003,30665889,8111.600098,230.899994
17-11-2016,228.449997,234,228.399994,9283059,8079.950195,231.5
18-11-2016,230,231.399994,227.100006,8257422,8074.100098,227.850006
21-11-2016,228.199997,228.600006,223.600006,7585897,7929.100098,224.199997
22-11-2016,225,228.100006,223.5,9215388,8002.299805,226.100006
23-11-2016,227.25,227.800003,223.5,10322937,8033.299805,224.649994
24-11-2016,225,225.25,222.100006,18004034,7965.5,223.5
25-11-2016,224.5,230.449997,223.050003,7597501,8114.299805,228.800003
28-11-2016,228.399994,234.199997,227.300003,9120749,8126.899902,233.699997
29-11-2016,233.050003,235.649994,230.25,8613611,8142.149902,231.050003
30-11-2016,232,234.399994,229.149994,11081186,8224.5,232.5
01-12-2016,232.800003,235,231.050003,5160029,8192.900391,233.5
02-12-2016,233,233,228,8371200,8086.799805,228.5
05-12-2016,228.899994,233.199997,227.449997,5123051,8128.75,232.550003
06-12-2016,233,233,229.149994,4911337,8143.149902,230.199997
07-12-2016,231.5,231.5,226.5,8107530,8102.049805,227.199997
08-12-2016,229.050003,235.300003,228.300003,7365288,8246.849609,233.300003
09-12-2016,234.050003,239.600006,232.550003,8328221,8261.75,236.149994
12-12-2016,234.199997,234.699997,231.949997,3038619,8170.799805,232.300003
13-12-2016,234.800003,236.899994,232.199997,7440621,8221.799805,235.649994
14-12-2016,236,236.5,232,6313305,8182.450195,233.149994
15-12-2016,232,234.399994,228.5,5332924,8153.600098,229.699997
16-12-2016,230.800003,230.800003,226,12925203,8139.450195,226.350006
19-12-2016,225.350006,229,225.350006,5455325,8104.350098,227
20-12-2016,228.5,230.800003,227.5,5917510,8082.399902,229.949997
21-12-2016,229,229.800003,225.5,12883058,8061.299805,226.300003
22-12-2016,225.25,228.399994,224.25,6420828,7979.100098,227.550003
23-12-2016,227.5,227.5,223.800003,10763084,7985.75,224.699997
26-12-2016,224.899994,225.850006,222,8735299,7908.25,225
27-12-2016,226,234.899994,224.350006,15605810,8032.850098,234.050003
28-12-2016,232.699997,236.399994,232.699997,14166131,8034.850098,235.449997
29-12-2016,235.300003,237,232.300003,14052730,8103.600098,236
30-12-2016,237.449997,242.399994,236.300003,10420088,8185.799805,241.649994
02-01-2017,242,242.25,238.600006,4887504,8179.5,240.949997
03-01-2017,240.899994,245.699997,239.25,7508925,8192.25,243.350006
04-01-2017,242.850006,247,240.100006,9310104,8190.5,245.449997
05-01-2017,244.5,247.850006,244.100006,9178665,8273.799805,246.75
06-01-2017,247,249,242.199997,8093288,8243.799805,242.699997
09-01-2017,242.850006,246.600006,242.100006,4854672,8236.049805,245.850006
10-01-2017,246,249.850006,245.699997,11977335,8288.599609,248.949997
11-01-2017,249.800003,250.5,246.600006,7637281,8380.650391,247.550003
12-01-2017,247.699997,247.699997,244.149994,5601066,8407.200195,244.649994
13-01-2017,246,251,242.5,4384819,8400.349609,249.649994
16-01-2017,249.25,250.850006,247.100006,4635410,8412.799805,248.800003
17-01-2017,248.800003,252.300003,248.800003,4811618,8398,251.949997
18-01-2017,251.600006,254.300003,249.800003,7254738,8417,250.850006
19-01-2017,249.75,254.75,249.550003,9184429,8435.099609,254.149994
20-01-2017,254.25,256.299988,253.699997,10843902,8349.349609,255.399994
23-01-2017,255.100006,260.149994,255.050003,10690194,8391.5,259.649994
24-01-2017,259.600006,260.75,257.350006,8031785,8475.799805,259.850006
25-01-2017,259.950012,266.399994,259.600006,17451497,8602.75,265.5
27-01-2017,263.5,266.950012,256.100006,24497031,8641.25,257.399994
30-01-2017,258.399994,261,255.5,8910592,8632.75,256.100006
31-01-2017,256.200012,259.950012,254.600006,9995686,8561.299805,258.100006
01-02-2017,260,270.100006,258.5,33840797,8716.400391,269.700012
02-02-2017,271,279.899994,269.5,29722686,8734.25,274.299988
03-02-2017,274,275.5,270.5,9009906,8740.950195,273.049988
06-02-2017,274.899994,279,274.100006,8221552,8801.049805,276.799988
07-02-2017,278.600006,292.149994,275.600006,24315156,8768.299805,277.100006
08-02-2017,275.5,279,272,10702679,8769.049805,274.799988
09-02-2017,276,278.399994,272.649994,4882374,8778.400391,277.649994
10-02-2017,278.700012,279.100006,271.549988,7680000,8793.549805,273.350006
13-02-2017,275.399994,276.350006,268.600006,8967548,8805.049805,270.600006
14-02-2017,270,273.5,269.149994,6655626,8792.299805,270.799988
15-02-2017,271.200012,275.5,271.200012,7537315,8724.700195,273.399994
16-02-2017,270.049988,271.5,265.700012,10575410,8778,266.649994
17-02-2017,267.350006,268.899994,264,9341064,8821.700195,268.149994
20-02-2017,266,267.450012,265.549988,5714329,8879.200195,266.049988
21-02-2017,266,266.25,260.799988,9871075,8907.849609,263.149994
22-02-2017,264.399994,266.25,261.649994,8488101,8926.900391,263.450012
23-02-2017,264,268.200012,261.600006,12361234,8939.5,265.649994
27-02-2017,265.549988,266,257.850006,5075088,8896.700195,264.600006
28-02-2017,263,264.600006,260.899994,8240790,8879.599609,262.200012
01-03-2017,262.399994,269.700012,262.399994,14578413,8945.799805,268.5
02-03-2017,268.5,270.25,263.5,10066049,8899.75,264.75
03-03-2017,262,263.399994,258.149994,9987225,8897.549805,261.549988
06-03-2017,262.700012,265.049988,261.549988,9559221,8963.450195,264.100006
07-03-2017,264.299988,265,261.149994,6917130,8946.900391,264.25
08-03-2017,264.450012,265.5,263.5,5771334,8924.299805,264.149994
09-03-2017,266.100006,266.299988,262.299988,9481938,8927,264.950012
10-03-2017,264.950012,265.049988,262.649994,5662302,8934.549805,263.450012
14-03-2017,266.200012,271.649994,265.200012,17821655,9087,267.100006
15-03-2017,265.200012,270.700012,265.200012,13938663,9084.799805,268.200012
16-03-2017,270.25,271.25,267.5,8685534,9153.700195,268.450012
17-03-2017,276.799988,288.899994,276.799988,52012274,9160.049805,281.25
20-03-2017,282.899994,284.200012,277.799988,15897260,9126.849609,281.899994
21-03-2017,283.200012,288.600006,283,13225065,9121.5,287.899994
22-03-2017,285,287.850006,278.600006,12397015,9030.450195,279.850006
23-03-2017,277.5,282.5,275.100006,16897153,9086.299805,277.600006
24-03-2017,278.850006,283,278.75,7123953,9108,281
27-03-2017,280.450012,282.899994,276.299988,12154973,9045.200195,281.600006
28-03-2017,281.600006,282.200012,280.049988,6289874,9100.799805,280.5
29-03-2017,280.200012,283.700012,280.200012,8500724,9143.799805,283.200012
30-03-2017,284,284.649994,280.049988,14394053,9173.75,282.75
31-03-2017,281,283,278.75,9561098,9173.75,280.299988
03-04-2017,282.799988,283.600006,278.649994,7228785,9237.849609,281.549988
05-04-2017,283.200012,283.5,277.700012,10288783,9265.150391,278.950012
06-04-2017,278.200012,279.149994,273.200012,15641571,9261.950195,274.100006
07-04-2017,273,274.149994,270.899994,9128592,9198.299805,272.649994
10-04-2017,275,275,272.100006,5476450,9181.450195,273.549988
11-04-2017,273.100006,282.600006,271.799988,10934606,9237,282.049988
12-04-2017,281.700012,284.799988,279.549988,7229006,9203.450195,281.899994
13-04-2017,281.899994,282,277.5,3934247,9150.799805,279.149994
17-04-2017,276.549988,282.5,275.549988,4831017,9139.299805,279.100006
18-04-2017,280.200012,284,278.100006,4330981,9105.150391,279.049988
19-04-2017,281.149994,281.5,277.850006,4952956,9103.5,278.700012
20-04-2017,279.700012,281.5,278.350006,4237611,9136.400391,279.5
21-04-2017,282,282,272.700012,8706432,9119.400391,274.350006
24-04-2017,276.399994,277.549988,271.149994,7118774,9217.950195,276.75
25-04-2017,278,282,273.899994,12721177,9306.599609,281.299988
26-04-2017,283.299988,292.899994,282,18942043,9351.849609,290.899994
27-04-2017,291.399994,291.899994,284.5,13553616,9342.150391,285.799988
28-04-2017,285.799988,286.5,277.350006,12374841,9304.049805,278
02-05-2017,280.5,281.299988,276.5,7028028,9313.799805,279.200012
03-05-2017,279.5,279.5,275.5,6039290,9311.950195,277.25
04-05-2017,277.899994,282.200012,276.149994,7771540,9359.900391,281.200012
05-05-2017,280.950012,280.950012,276.399994,4036786,9285.299805,277.149994
08-05-2017,277.549988,278.5,272.549988,10629552,9314.049805,272.950012
09-05-2017,273.5,276.649994,271,6748832,9316.849609,271.5
10-05-2017,272.200012,275.700012,272,4578228,9407.299805,273.950012
11-05-2017,275.5,279.149994,274,9415397,9422.400391,276.649994
12-05-2017,277.299988,277.299988,274.049988,4499390,9400.900391,274.950012
15-05-2017,275.899994,278.899994,275.5,5462855,9445.400391,277.950012
16-05-2017,278.5,284.299988,278,11204308,9512.25,283.450012
17-05-2017,284.100006,284.399994,279.25,8297700,9525.75,281.649994
18-05-2017,278,281.049988,277.049988,7924261,9429.450195,277.899994
19-05-2017,282.25,295.649994,281.950012,35724128,9427.900391,286.200012
22-05-2017,292.450012,304.799988,291.299988,35939315,9438.25,303.600006
23-05-2017,301.899994,303.899994,298.25,19784738,9386.150391,300.149994
24-05-2017,300,301.950012,297.899994,9457848,9360.549805,299.899994
25-05-2017,300,304.700012,295.350006,22769975,9509.75,300.049988
26-05-2017,302,313.799988,299.549988,21742467,9595.099609,309.100006
29-05-2017,304,319.850006,303.5,19665146,9604.900391,315.850006
30-05-2017,312.899994,315.200012,310.049988,8547146,9624.549805,311.450012
31-05-2017,311.450012,313.399994,307,12308066,9621.25,311.799988
01-06-2017,312,316.75,310.799988,8253042,9616.099609,314.200012
02-06-2017,316.100006,319.899994,315.200012,11073749,9653.5,319.200012
05-06-2017,315,318.25,313.299988,9482413,9675.099609,317.450012
06-06-2017,317.5,319,309.299988,9841205,9637.150391,311.049988
07-06-2017,311.299988,314.75,310.350006,11534375,9663.900391,312.25
08-06-2017,313,313.25,309.399994,7781415,9647.25,311.600006
09-06-2017,310.75,312.600006,304.700012,10065468,9668.25,306
12-06-2017,307,307.5,302.5,6266299,9616.400391,304.399994
13-06-2017,305.049988,306,302.200012,5107002,9606.900391,305.25
14-06-2017,304.950012,306,299.149994,14574048,9618.150391,299.850006
15-06-2017,302.950012,302.950012,299.5,7427656,9578.049805,301.899994
16-06-2017,302.5,309.600006,302.5,12323676,9588.049805,306.799988
19-06-2017,309,311.850006,308.100006,6982651,9657.549805,310.899994
20-06-2017,312,312.200012,308.100006,8260929,9653.5,308.700012
21-06-2017,309.399994,311,307.200012,8279767,9633.599609,308.950012
22-06-2017,308.649994,314.200012,308.200012,8944754,9630,311.299988
23-06-2017,310,312.899994,308.600006,7176861,9574.950195,311
27-06-2017,311.75,316.5,311,9688675,9511.400391,312.350006
28-06-2017,311.600006,311.600006,307.100006,7919072,9491.25,308.350006
29-06-2017,309.100006,313.25,308.600006,9929212,9504.099609,311.600006
30-06-2017,310.25,324.700012,310.25,23196959,9520.900391,323.649994
03-07-2017,346,354.799988,340.299988,47079622,9615,342.5
04-07-2017,342.799988,343.450012,336.25,11232007,9613.299805,337.25
05-07-2017,337.25,337.850006,330.25,11978317,9637.599609,331.049988
06-07-2017,334.299988,338.75,331.299988,13429462,9674.549805,337.100006
07-07-2017,338,338.200012,333.049988,9919790,9665.799805,334.299988
10-07-2017,332.450012,335,331,1267634,9771.049805,333.299988
11-07-2017,335,335.049988,330,8336685,9786.049805,330.399994
12-07-2017,328.399994,333.600006,327.399994,10249263,9816.099609,328.850006
13-07-2017,332,339.5,331,17491942,9891.700195,338.75
14-07-2017,339.950012,339.950012,334.799988,5586611,9886.349609,337.149994
17-07-2017,335,335,320.700012,20320210,9915.950195,325.149994
18-07-2017,292.649994,292.649994,276.399994,149479681,9827.150391,284.549988
19-07-2017,287.799988,292.899994,286.200012,39134264,9899.599609,291.450012
20-07-2017,294,294.899994,288.399994,15306864,9873.299805,289.5
21-07-2017,291.5,291.75,286.549988,13174402,9915.25,288.899994
24-07-2017,290,295.350006,288.100006,17794337,9966.400391,293.25
25-07-2017,295,295.149994,290.850006,9559657,9964.549805,291.399994
26-07-2017,292,294.25,291.5,9209593,10020.65039,293.649994
27-07-2017,294.700012,295.399994,286.75,18892800,10020.54981,288.549988
28-07-2017,294.299988,294.75,287.149994,18494629,10014.5,291.549988
31-07-2017,289.5,290.299988,284.5,21247233,10077.09961,285.25
01-08-2017,285.299988,288.549988,285,13542016,10114.65039,287.850006
02-08-2017,289.799988,289.899994,284.299988,9867353,10081.5,285.450012
03-08-2017,285,285.399994,280.649994,10199231,10013.65039,281.399994
04-08-2017,280.399994,284.399994,279.649994,11283020,10066.40039,280.75
07-08-2017,281.600006,283,279.450012,8451267,10057.40039,279.850006
08-08-2017,280.100006,281.399994,273.5,12741118,9978.549805,274.149994
09-08-2017,274,275.399994,270.399994,9910187,9908.049805,272.850006
10-08-2017,272.649994,274.649994,270.75,9995867,9820.25,273.100006
11-08-2017,271,274.450012,270.100006,14409594,9710.799805,271.5
14-08-2017,274.399994,274.399994,270.5,9693041,9794.150391,271.25
16-08-2017,272,281.75,271.350006,18692336,9897.299805,279.200012
17-08-2017,281.850006,282.899994,277.899994,13703999,9904.150391,280
18-08-2017,279.25,284,276.799988,14869905,9837.400391,281.850006
21-08-2017,282.350006,285,280.950012,13088154,9754.349609,281.600006
22-08-2017,282,285,280.350006,11956919,9765.549805,282.899994
23-08-2017,283.5,285.600006,281.600006,8747634,9852.5,282.549988
24-08-2017,282,283.5,281.100006,10819303,9857.049805,281.450012
28-08-2017,282.100006,283,279.299988,9974428,9912.799805,282.450012
29-08-2017,282.350006,282.899994,279.399994,6141239,9796.049805,280.25
30-08-2017,281.149994,282.899994,280.600006,6534233,9884.400391,282
31-08-2017,283,283.149994,280.399994,11221831,9917.900391,282.25
01-09-2017,282.200012,284.350006,280.700012,7247857,9974.400391,283.600006
04-09-2017,283.450012,283.850006,282,8480587,9912.849609,283.100006
05-09-2017,282.649994,283.899994,281.600006,7820187,9952.200195,282.850006
06-09-2017,280.5,281,275.25,14165258,9916.200195,275.700012
07-09-2017,277,277.549988,269.549988,19218142,9929.900391,270.399994
08-09-2017,271.149994,273.299988,270,9716093,9934.799805,272.350006
11-09-2017,272.399994,274.399994,271.5,9314031,10006.04981,273.600006
12-09-2017,275.5,278.25,274.600006,11464781,10093.04981,277.649994
13-09-2017,277.399994,277.5,270.950012,12126147,10079.29981,271.5
14-09-2017,272.299988,272.5,270.399994,7041114,10086.59961,272
15-09-2017,272,272.75,268.200012,13147594,10085.40039,269.299988
18-09-2017,271,271.700012,266.25,10152294,10153.09961,267
19-09-2017,268,270,264.100006,33882424,10147.54981,267.850006
20-09-2017,269.399994,272,267.75,9604767,10141.15039,271.549988
21-09-2017,272,272.399994,267.100006,7759828,10121.90039,269.549988
22-09-2017,269.5,270.950012,267.049988,6877525,9964.400391,268.450012
25-09-2017,268.5,269.649994,260.899994,17583222,9872.599609,262.25
26-09-2017,263.299988,263.75,261.049988,9581360,9871.5,262.450012
27-09-2017,265.100006,265.5,256.799988,17533620,9735.75,258.5
28-09-2017,260.399994,263.399994,259.100006,21604711,9768.950195,261.549988
29-09-2017,262.799988,262.899994,257.450012,12172012,9788.599609,258.299988
03-10-2017,262.5,262.75,258.5,11497927,9859.5,261.399994
04-10-2017,264.100006,268.5,263.149994,10779322,9914.900391,267.399994
05-10-2017,267.399994,269.399994,264.399994,6937298,9888.700195,265.25
06-10-2017,265.799988,267.5,264.649994,7856190,9979.700195,266.149994
09-10-2017,268,269.149994,266.399994,6088623,9988.75,268
10-10-2017,267.100006,267.899994,265.149994,5472538,10016.9502,266.200012
11-10-2017,266.5,267.75,264.450012,7664687,9984.799805,265.399994
12-10-2017,265.549988,269.200012,264,9165813,10096.40039,267
13-10-2017,266.25,267.600006,264.200012,12040762,10167.4502,265.950012
16-10-2017,266,269.950012,265.5,9152244,10230.84961,267.5
17-10-2017,268,268.700012,265.950012,10628854,10234.4502,267.25
18-10-2017,268,270.75,267.100006,7229879,10210.84961,270.350006
19-10-2017,271,271.299988,269,1235750,10146.54981,269.649994
23-10-2017,270,272.75,265.799988,9768072,10184.84961,267.049988
24-10-2017,268.450012,268.450012,266.100006,8400196,10207.7002,267
25-10-2017,268.399994,271.5,268.200012,5940597,10295.34961,269.25
26-10-2017,270.799988,270.799988,267.149994,9260157,10343.79981,268.399994
27-10-2017,270.600006,276,267.450012,22968176,10323.04981,269.350006
30-10-2017,269,270.600006,263.450012,17589111,10363.65039,265.149994
31-10-2017,266.049988,266.950012,263.899994,8139444,10335.29981,265.700012
01-11-2017,267,271.200012,266.299988,7237682,10440.5,269.850006
02-11-2017,269.700012,269.950012,265.299988,9683859,10423.79981,265.649994
03-11-2017,267,267.899994,264.899994,5980143,10452.5,265.399994
06-11-2017,266.25,267.899994,264.299988,9020725,10451.79981,264.899994
07-11-2017,265.700012,267.700012,263.649994,9506715,10350.15039,265.299988
08-11-2017,265.350006,266.5,264.700012,5957114,10303.15039,265.399994
09-11-2017,266.399994,266.5,259.299988,20246351,10308.9502,260.049988
10-11-2017,260.549988,265.200012,259.399994,16792035,10321.75,261.700012
13-11-2017,263,263.299988,258,7396182,10224.9502,258.299988
14-11-2017,258.5,260.850006,256,8335504,10186.59961,256.549988
15-11-2017,257,257.350006,250.399994,17011726,10118.04981,253.300003
16-11-2017,254.699997,255.600006,252.399994,9959845,10214.75,255.100006
17-11-2017,256.5,259,256,9998498,10283.59961,258
20-11-2017,258.600006,260.700012,257.25,7916268,10298.75,259.200012
21-11-2017,259.5,259.5,255.199997,16626216,10326.90039,255.800003
22-11-2017,256,258.649994,255.600006,8609960,10342.29981,258.149994
23-11-2017,258.350006,260.700012,256.399994,7524346,10348.75,258.149994
24-11-2017,258.5,261.450012,258.049988,7347756,10389.7002,260.75
27-11-2017,260,260.5,257.299988,4836535,10399.54981,259.25
28-11-2017,259.100006,259.200012,256,17508901,10370.25,257
29-11-2017,258,258.700012,257,8697821,10361.29981,258.049988
30-11-2017,257.899994,258.200012,254.649994,22116235,10226.54981,256.049988
01-12-2017,256.950012,259.600006,254.649994,6593537,10121.79981,255.199997
04-12-2017,256,256.299988,253.550003,6111791,10127.75,255.100006
05-12-2017,255,255.350006,252.5,8991412,10118.25,253.850006
06-12-2017,253.25,253.25,250.850006,8244499,10044.09961,251.600006
07-12-2017,250,254.100006,250,5426456,10166.7002,253.350006
08-12-2017,253.75,263.200012,253.399994,13132943,10265.65039,262.200012
11-12-2017,264.649994,267.5,263.299988,17181015,10322.25,266.25
12-12-2017,264.5,265.200012,260.5,9243049,10240.15039,261.549988
13-12-2017,259.600006,262.399994,257.600006,8653465,10192.9502,259
14-12-2017,260.899994,266.149994,257.549988,8043427,10252.09961,264.25
15-12-2017,266,267.049988,263.450012,12269517,10333.25,264.600006
18-12-2017,265.5,265.5,259.049988,9293059,10388.75,263.200012
19-12-2017,263.399994,265.399994,263.100006,5881181,10463.2002,264.25
20-12-2017,264.700012,264.700012,262.700012,7441512,10444.2002,263.299988
21-12-2017,265.899994,265.899994,261.600006,6771408,10440.29981,263.049988
22-12-2017,263.5,264.200012,262.149994,6405364,10493,263.100006
26-12-2017,263.25,265,262.649994,9549857,10531.5,264.149994
27-12-2017,264.200012,264.299988,261.649994,6091016,10490.75,262.149994
28-12-2017,263.399994,264.049988,261.049988,15889965,10477.90039,261.850006
29-12-2017,262.5,264,262.25,6565616,10530.7002,263.25
01-01-2018,263.25,266.299988,261.25,10461011,10530,262.299988
02-01-2018,262.600006,264.200012,260.450012,5688384,10442.2002,260.75
03-01-2018,261.299988,262.649994,260.600006,11018996,10443.2002,261.149994
04-01-2018,260.950012,262.75,260.600006,9368913,10504.79981,261.549988
05-01-2018,261.899994,263.5,261.899994,9211954,10558.84961,262.899994
08-01-2018,264,266.799988,263.25,14433239,10623.59961,265.600006
09-01-2018,265.5,272,264.75,25737663,10637,270.549988
10-01-2018,273.450012,274,269.049988,16441299,10632.2002,269.399994
11-01-2018,269.5,271,268.100006,11287437,10651.2002,269.799988
12-01-2018,270.25,271.350006,266.149994,8179762,10681.25,267.549988
15-01-2018,268,271.100006,267,10538330,10741.54981,267.600006
16-01-2018,268.200012,268.700012,260.799988,12935712,10700.4502,261.700012
17-01-2018,262,267,259.549988,16375659,10788.54981,266.049988
18-01-2018,268,275.25,266.649994,26442702,10817,273.399994
19-01-2018,276,277.5,271.100006,25710521,10894.7002,274.549988
22-01-2018,275,275.5,271.700012,8339156,10966.2002,273.649994
23-01-2018,274,277.25,273.549988,18244388,11083.7002,276.600006
24-01-2018,276.649994,282,276.049988,17305234,11086,281.450012
25-01-2018,281,283.200012,278.600006,13124518,11069.65039,281.25
29-01-2018,281.149994,283.299988,275,9569723,11130.40039,275.649994
30-01-2018,275,276.450012,271.950012,13057276,11049.65039,275.200012
31-01-2018,273.899994,276,269.850006,18945945,11027.7002,271.399994
01-02-2018,272,290.299988,267.399994,59362154,11016.90039,275.299988
02-02-2018,274.399994,285.649994,270.799988,35008302,10760.59961,275.350006
05-02-2018,273.549988,281.700012,271.850006,19706340,10666.54981,279.25
06-02-2018,269.950012,277.299988,268.149994,15822723,10498.25,273.5
07-02-2018,278,278.75,274,12956103,10476.7002,275.149994
08-02-2018,275.700012,276.899994,272.649994,9779911,10576.84961,274.100006
09-02-2018,271,272.5,267.799988,14204123,10454.9502,271.350006
12-02-2018,272.450012,273.850006,269.299988,6713679,10539.75,269.850006
14-02-2018,270,271,265.100006,11303222,10500.90039,266.5
15-02-2018,266.5,269.899994,264.799988,11736246,10545.5,268.100006
16-02-2018,269.850006,270.75,265.600006,6164187,10452.29981,266.450012
19-02-2018,266,267.799988,262.5,6069585,10378.40039,264.100006
20-02-2018,264,265.799988,262.149994,9301017,10360.40039,263.25
21-02-2018,264,268.950012,263.450012,10555155,10397.4502,268.200012
22-02-2018,267.200012,269,265.450012,19118686,10382.7002,267.100006
23-02-2018,267.450012,270,266.100006,6529253,10491.04981,269.049988
26-02-2018,268.549988,269.5,266,8378818,10582.59961,266.549988
27-02-2018,268,268.200012,265.5,7429924,10554.29981,266.399994
28-02-2018,265,266.299988,263.049988,13451146,10492.84961,265.049988
01-03-2018,264.200012,266.100006,262.850006,7781553,10458.34961,264
05-03-2018,263.299988,263.299988,260,6623613,10358.84961,260.25
06-03-2018,261.049988,262.399994,255.5,8180373,10249.25,256.5
07-03-2018,256.5,260.5,253.550003,15153219,10154.2002,259.899994
08-03-2018,260.299988,261.899994,257.75,6027032,10242.65039,258.850006
09-03-2018,259,260.899994,258.25,6110339,10226.84961,259.25
12-03-2018,264,270.850006,262.950012,19900387,10421.40039,270.100006
13-03-2018,269.649994,272,267.200012,8326884,10426.84961,269.450012
14-03-2018,268.049988,269.049988,265.299988,7907101,10410.90039,268.049988
15-03-2018,267,269.899994,265.200012,5557668,10360.15039,265.549988
16-03-2018,266.399994,266.399994,258.850006,20680532,10195.15039,260.5
19-03-2018,260.549988,262.200012,258.299988,12926158,10094.25,259.149994
20-03-2018,258.149994,259.950012,257.5,7481088,10124.34961,259.200012
21-03-2018,260.049988,261.649994,258.700012,12920867,10155.25,259.049988
22-03-2018,260,261.450012,257.850006,8011131,10114.75,258.299988
23-03-2018,256,258.799988,254.75,11185677,9998.049805,256
26-03-2018,252.899994,260,252.5,12499724,10130.65039,258.100006
27-03-2018,258.799988,260.5,256.899994,8769415,10184.15039,258.899994
28-03-2018,258,258.950012,254.350006,12270479,10113.7002,255.5
02-04-2018,257,258.950012,255.449997,7029064,10211.79981,258.25
03-04-2018,258,260,257.5,5098212,10245,258.5
04-04-2018,259.5,259.799988,257.100006,8392947,10128.40039,258.600006
05-04-2018,255.5,260,255.5,9113610,10325.15039,259.649994
06-04-2018,260.5,262,260.049988,6098959,10331.59961,260.850006
09-04-2018,261.149994,266.600006,260.899994,9217475,10379.34961,265.799988
10-04-2018,266.350006,268.700012,265.100006,14682547,10402.25,266.700012
11-04-2018,266.899994,267.549988,263.399994,5232228,10417.15039,265.149994
12-04-2018,265.100006,265.149994,261.399994,6125006,10458.65039,261.950012
13-04-2018,263,263.5,260,4991314,10480.59961,260.75
16-04-2018,260.5,264.899994,260,5212182,10528.34961,264.450012
17-04-2018,265.399994,268.399994,262.700012,13207767,10548.7002,267.600006
18-04-2018,268.700012,278.899994,268,23815794,10526.2002,275.350006
19-04-2018,277.25,280,275.25,12823460,10565.29981,277.350006
20-04-2018,276,279.25,273.5,10790554,10564.04981,276.200012
23-04-2018,276,277.200012,275,11746220,10584.7002,275.5
24-04-2018,276,278.850006,274.649994,8449353,10614.34961,276
25-04-2018,275.5,276.299988,272.700012,4928817,10570.54981,274.100006
26-04-2018,274.549988,279.100006,273,20282977,10617.79981,278.25
27-04-2018,279.600006,280.950012,278.399994,9732842,10692.29981,279.399994
30-04-2018,279.600006,283.850006,279.600006,5918966,10739.34961,281.450012
02-05-2018,282.100006,288.700012,280.25,16071685,10718.04981,287.25
03-05-2018,287.5,289.700012,283.049988,9366444,10679.65039,285
04-05-2018,287,287,275.850006,10904195,10618.25,277.149994
07-05-2018,278.299988,283.399994,276.899994,6475767,10715.5,282.25
08-05-2018,283.149994,285.950012,282,6588906,10717.79981,282.700012
09-05-2018,281.5,284,281.5,4214376,10741.7002,282.299988
10-05-2018,282.950012,283.950012,277.299988,5672203,10716.54981,280.149994
11-05-2018,281.899994,284,279.75,3892106,10806.5,283.649994
14-05-2018,283,287.299988,282,6479302,10806.59961,284.799988
15-05-2018,284.850006,286,280.700012,7777542,10801.84961,281.850006
16-05-2018,279.950012,288.799988,279.549988,18062869,10741.09961,285.850006
17-05-2018,288,288.700012,278.450012,10755084,10682.7002,278.950012
18-05-2018,278.549988,285.549988,276,15422138,10596.40039,282.299988
21-05-2018,282.299988,284,278.5,8579200,10516.7002,282.350006
22-05-2018,282,283.100006,278.049988,4730984,10536.7002,278.75
23-05-2018,279,279.399994,272.950012,7891899,10430.34961,273.450012
24-05-2018,274,276.799988,271.75,6282351,10513.84961,274.850006
25-05-2018,272.399994,275,268.75,9244273,10605.15039,272.299988
28-05-2018,274,277.5,272.399994,6997081,10688.65039,275.299988
29-05-2018,274.799988,277.75,272.450012,8830998,10633.29981,274.049988
30-05-2018,272.5,273.700012,270.649994,8005601,10614.34961,271.899994
31-05-2018,272.200012,272.700012,269.600006,13212672,10736.15039,271.649994
01-06-2018,271.149994,271.700012,269.100006,6607768,10696.2002,269.950012
04-06-2018,270.25,271.950012,267.5,7984112,10628.5,268.899994
05-06-2018,269,269.850006,266.850006,5788321,10593.15039,267.5
06-06-2018,268,271.149994,267.799988,7296797,10684.65039,270.399994
07-06-2018,270.5,272.299988,270.100006,6797792,10768.34961,271.049988
08-06-2018,271.100006,271.5,267,6769606,10767.65039,267.899994
11-06-2018,268.5,271.899994,268.149994,8572974,10786.9502,269.25
12-06-2018,269.299988,274.600006,269.25,8449515,10842.84961,270.25
13-06-2018,271.5,271.799988,267.200012,7817856,10856.7002,267.850006
14-06-2018,266.5,268.899994,266,9169601,10808.04981,267.25
15-06-2018,267.5,267.75,263.600006,10814596,10817.7002,264.5
18-06-2018,264.450012,265.5,263.5,6281093,10799.84961,264.549988
19-06-2018,264.899994,267.149994,262.649994,7336092,10710.4502,266.049988
20-06-2018,266.450012,267,263.049988,9540207,10772.04981,263.75
21-06-2018,264.399994,264.799988,260.399994,7137481,10741.09961,260.850006
22-06-2018,260.549988,266.799988,260,16820667,10821.84961,265.149994
25-06-2018,265.149994,265.399994,259.75,13617718,10762.4502,262.600006
26-06-2018,262.450012,266.149994,262.149994,10087090,10769.15039,264.799988
27-06-2018,264.899994,265,261.5,10036967,10671.40039,262.75
28-06-2018,262,264,259,14637010,10589.09961,260.5
29-06-2018,261.799988,267.549988,260.299988,10907020,10714.29981,266.200012
02-07-2018,267,267.100006,260.049988,18097981,10657.29981,263.049988
03-07-2018,263.5,266.75,261.149994,10385004,10699.90039,265.450012
04-07-2018,266.299988,266.299988,262.200012,7881279,10769.90039,264.399994
05-07-2018,264.600006,273.799988,263.5,15473199,10749.75,272.5
06-07-2018,272.75,274.75,270.149994,12936762,10772.65039,272.649994
09-07-2018,275,276,272.200012,9782072,10852.90039,274.399994
10-07-2018,275.5,277.5,273.100006,11486223,10947.25,277.049988
11-07-2018,276.850006,280.299988,273.75,11362662,10948.29981,275.75
12-07-2018,275.75,278.149994,273.299988,9902834,11023.2002,277.200012
13-07-2018,278,278.299988,269.200012,18590126,11018.90039,270.399994
16-07-2018,270.299988,273.299988,269.700012,10281018,10936.84961,271.600006
17-07-2018,271.049988,273,269.299988,10033333,11008.04981,269.850006
18-07-2018,271.100006,271.299988,267.600006,7050253,10980.4502,268.549988
19-07-2018,268.899994,274.600006,266.25,8956760,10957.09961,273.299988
20-07-2018,273.25,274.799988,270.649994,6572535,11010.2002,274
23-07-2018,279.5,286.649994,277.149994,26056261,11084.75,284.149994
24-07-2018,284.5,287,283.549988,12111542,11134.29981,285.649994
25-07-2018,284.25,286.950012,283.200012,13301823,11132,286.149994
26-07-2018,287,291.149994,284.200012,20698478,11167.29981,287.200012
27-07-2018,300,307.149994,295,75862167,11278.34961,302.549988
30-07-2018,302,303.600006,300,17080727,11319.54981,301.049988
31-07-2018,300.75,301.350006,295.549988,14563274,11356.5,297.700012
01-08-2018,298.049988,302.950012,296.100006,14624672,11346.2002,301.600006
02-08-2018,300.5,303.5,297.299988,9847568,11244.7002,299.200012
03-08-2018,300,305.399994,298.149994,12470372,11360.79981,303.950012
06-08-2018,305,306.899994,300,7683950,11387.09961,301.799988
07-08-2018,302.950012,304.200012,299.75,7188627,11389.4502,301.100006
08-08-2018,300.25,302.399994,300,6442258,11450,300.950012
09-08-2018,301.75,304.600006,300.049988,9221385,11470.7002,302.5
10-08-2018,302,306.899994,301.149994,14777932,11429.5,304.799988
13-08-2018,304,307.799988,303.149994,9957591,11355.75,305.950012
14-08-2018,307,310.200012,306.850006,12315926,11435.09961,307.899994
16-08-2018,307.899994,308.5,305.100006,18674289,11385.04981,307.450012
17-08-2018,307.799988,315.299988,307.799988,25413745,11470.75,313.75
20-08-2018,314.200012,315,311.299988,19218118,11551.75,313.299988
21-08-2018,314.5,317,312,13618791,11570.90039,312.899994
23-08-2018,314,316.399994,307.350006,11309613,11582.75,312
24-08-2018,311,312,307,5445848,11557.09961,310.399994
27-08-2018,311.200012,314.850006,310.5,5278766,11691.9502,313.399994
28-08-2018,314,315.799988,311,6609740,11738.5,311.649994
29-08-2018,311.700012,315.450012,310,10349504,11691.90039,312.799988
30-08-2018,313.5,320.600006,313.5,24973007,11676.79981,319.850006
31-08-2018,322,322.600006,317.200012,18084699,11680.5,319.850006
03-09-2018,322.950012,322.950012,311.049988,9112998,11582.34961,313.200012
04-09-2018,312,312.200012,307,11184441,11520.29981,309.600006
05-09-2018,310.399994,314.450012,309.25,10139205,11476.9502,310.25
06-09-2018,311.399994,311.75,308.049988,7609714,11536.90039,310.799988
07-09-2018,311.600006,313.200012,308.100006,7188478,11589.09961,310.450012
10-09-2018,310.200012,310.75,305.549988,9635849,11438.09961,306.549988
11-09-2018,306.649994,306.75,295.549988,26006624,11287.5,297.200012
12-09-2018,297.75,307.600006,295.399994,19423600,11369.90039,306.799988
14-09-2018,307,308.649994,305.049988,12823479,11515.2002,307.149994
17-09-2018,305,306.100006,301.5,5825628,11377.75,302
18-09-2018,302.200012,304.899994,299.299988,8199623,11278.90039,303.25
19-09-2018,304.5,305.649994,298,6150336,11234.34961,299.649994
21-09-2018,300.399994,306.600006,300.399994,16337218,11143.09961,303.950012
24-09-2018,305,306.350006,292.5,14452668,10967.40039,297.950012
25-09-2018,296.899994,302.350006,292.350006,13273933,11067.4502,301.149994
26-09-2018,303,303,289.75,19891787,11053.79981,293.149994
27-09-2018,293.5,295.100006,289.5,12084852,10977.54981,293.299988
28-09-2018,295,300,291.799988,24606864,10930.4502,297.75
01-10-2018,300.850006,302.950012,293.399994,9025533,11008.29981,297.100006
03-10-2018,297,300,294.649994,7570160,10858.25,295.200012
04-10-2018,293.850006,295.700012,285.149994,8105763,10599.25,287.100006
05-10-2018,285.5,286,275.100006,17622969,10316.4502,276.5
08-10-2018,279,279.399994,269.149994,16430487,10348.04981,273.200012
09-10-2018,275.5,275.5,267.75,10540674,10301.04981,268.5
10-10-2018,269.899994,271.149994,267.200012,11479650,10460.09961,270.100006
11-10-2018,265,269.299988,263.649994,10609934,10234.65039,265.200012
12-10-2018,267.5,277.649994,267.299988,13425871,10472.5,275.200012
15-10-2018,278.950012,283.600006,276,17933322,10512.5,282.5
16-10-2018,283,283.75,276.350006,11867994,10584.75,282.649994
17-10-2018,283.899994,291.649994,281.549988,15307324,10453.04981,286.450012
19-10-2018,285,291.549988,284.75,8032126,10303.54981,289.450012
22-10-2018,292,293.100006,287.299988,12484871,10245.25,288.5
23-10-2018,286,291.200012,283.549988,10843970,10146.79981,286
24-10-2018,288.700012,289.649994,286.350006,8690022,10224.75,287.75
25-10-2018,286,289.5,284.5,9584217,10124.90039,287.549988
26-10-2018,289.700012,289.799988,276,21475541,10030,280.899994
29-10-2018,281.899994,285.25,278.950012,11342580,10250.84961,283.5
30-10-2018,283.25,283.850006,278,6847149,10198.40039,278.950012
31-10-2018,279.549988,281,272.850006,13501859,10386.59961,280.100006
01-11-2018,280,281.799988,274.799988,9452718,10380.4502,277.399994
02-11-2018,278.299988,285.950012,278.299988,11644681,10553,283.25
05-11-2018,285.25,285.25,278.399994,7381232,10524,279.600006
06-11-2018,281.100006,281.850006,276.100006,9766345,10530,277.299988
07-11-2018,281,281,278.799988,957139,10598.40039,280.049988
09-11-2018,279,279.700012,275.899994,15034793,10585.2002,277.25
12-11-2018,277.799988,278.200012,273.25,7047500,10482.2002,273.850006
13-11-2018,273.950012,277.899994,273.149994,6700755,10582.5,276.850006
14-11-2018,278.100006,278.399994,274.649994,6915975,10576.29981,276.450012
15-11-2018,276.850006,279.25,273.5,12153864,10616.7002,274.5
16-11-2018,275.799988,278.299988,275.25,12635521,10682.2002,276.549988
19-11-2018,277.350006,285,276.5,16720100,10763.40039,284.5
20-11-2018,285,286.649994,281.799988,7796633,10656.2002,283.850006
21-11-2018,284.5,284.799988,280,5650063,10600.04981,281.75
22-11-2018,282,284.5,279.600006,6680354,10526.75,280.5
26-11-2018,281.25,286.350006,280.700012,8948042,10628.59961,285.649994
27-11-2018,286.100006,286.450012,282.799988,6881741,10685.59961,284.850006
28-11-2018,285.399994,287.950012,280.799988,8856761,10728.84961,282.200012
29-11-2018,283.649994,289.299988,283.450012,13657479,10858.7002,287.549988
30-11-2018,289.5,290,284.799988,8639876,10876.75,285.799988
03-12-2018,287.25,289.5,282.549988,8565591,10883.75,282.950012
04-12-2018,281,283.299988,280.950012,6305882,10869.5,281.850006
05-12-2018,281,281.799988,274.200012,11453283,10782.90039,275.350006
06-12-2018,274.5,274.899994,271.5,9682118,10601.15039,273.049988
07-12-2018,274.950012,276.200012,273.299988,8103784,10693.7002,274.049988
10-12-2018,272,272.299988,269.149994,6683094,10488.4502,270.450012
11-12-2018,268.399994,276.049988,268.200012,10238800,10549.15039,274.700012
12-12-2018,275.700012,277.700012,272.600006,10084682,10737.59961,276.049988
13-12-2018,279,279.399994,273.5,15821425,10791.54981,275.299988
14-12-2018,274.350006,277.25,273.899994,8594764,10805.4502,275.75
17-12-2018,277,281.399994,275.899994,12232198,10888.34961,279.850006
18-12-2018,279.049988,280.600006,277,8832786,10908.7002,278.149994
19-12-2018,279,284,278.5,13133469,10967.29981,283.450012
20-12-2018,281,284.399994,281,4964496,10951.7002,282.649994
21-12-2018,283,284,276.049988,6816618,10754,276.75
24-12-2018,278.850006,280.700012,275.25,8540575,10663.5,276
26-12-2018,276.350006,278.799988,274.799988,8494118,10729.84961,276.649994
27-12-2018,279,281.649994,277.299988,11441104,10779.79981,280.75
28-12-2018,279.149994,284,279.149994,13194286,10859.90039,282.25
31-12-2018,282.799988,283.850006,281.100006,5452405,10862.54981,281.649994
01-01-2019,282.200012,283.549988,279.799988,2490548,10862.55,282.700012
02-01-2019,282.25,283.25,277.549988,9934187,10792.5,280.600006
03-01-2019,280.600006,282.450012,277.75,6114946,10672.25,278.850006
04-01-2019,279.149994,282.950012,279.149994,7805148,10727.34961,280.950012
07-01-2019,284.299988,285.25,281,9757529,10771.79981,281.649994
08-01-2019,282,285.5,281.350006,7480522,10802.15039,284.25
09-01-2019,285.600006,291.700012,284.600006,12182118,10855.15039,290.399994
10-01-2019,290.75,293.700012,288.899994,10288580,10821.59961,289.600006
11-01-2019,291.899994,296,291.5,16773035,10794.9502,295.350006
14-01-2019,294.5,294.799988,290,6400147,10737.59961,294.299988
15-01-2019,295.25,297.399994,294,7213165,10886.79981,296.549988
16-01-2019,296,296.549988,291.700012,7784035,10890.29981,294.049988
17-01-2019,294.100006,295.600006,290.149994,10601100,10905.2002,293.950012
18-01-2019,293.25,295.100006,290.649994,10994807,10906.9502,291.450012
21-01-2019,292.850006,293.200012,288.700012,8203333,10961.84961,289.899994
22-01-2019,289.850006,291,285.149994,10329563,10922.75,289.75
23-01-2019,291.5,294.399994,275,40188183,10831.5,277.299988
24-01-2019,279.299988,283.350006,277.850006,28026449,10849.79981,278.899994
25-01-2019,280,282.700012,278.5,8897906,10780.54981,279.200012
28-01-2019,278.899994,279.450012,274.200012,8992136,10661.54981,274.75
29-01-2019,275.299988,279,274.75,6998389,10652.2002,278.450012
30-01-2019,280.100006,280.200012,274.200012,10449713,10651.79981,275.5
31-01-2019,276.5,279.600006,273.600006,15346406,10830.9502,278.649994
01-02-2019,280.649994,285.200012,279.100006,18353829,10893.65039,280.850006
04-02-2019,281.899994,281.899994,276.049988,6056619,10912.25,277.100006
05-02-2019,277.350006,277.799988,272.5,9827060,10934.34961,274.149994
06-02-2019,275,278.399994,274.549988,8097580,11062.4502,277.700012
07-02-2019,277.899994,281,277,5947966,11069.40039,280.299988
08-02-2019,279.5,281.200012,274.600006,4405887,10943.59961,275.5
11-02-2019,275.799988,278.200012,268.450012,9952322,10888.79981,277.100006
12-02-2019,277.049988,280.5,274.600006,7341352,10831.40039,275.299988
14-02-2019,277,280.200012,277,9993785,10746.04981,277.899994
15-02-2019,279,280.950012,275.399994,37552143,10724.40039,280.100006
18-02-2019,278.799988,282.450012,273.899994,40666405,10640.9502,274.700012
19-02-2019,274,279.200012,274,34451117,10604.34961,275.899994
20-02-2019,277.25,277.5,274.25,5977880,10735.4502,275.850006
21-02-2019,275.899994,276.75,274.200012,6995026,10789.84961,275.049988
22-02-2019,275.600006,275.950012,273.100006,8763445,10791.65039,274.299988
25-02-2019,274.5,277.149994,273,30047503,10880.09961,276.700012
26-02-2019,274.950012,277,274.049988,11779606,10835.29981,275.5
27-02-2019,276,278.899994,273.899994,13128412,10806.65039,275.100006
28-02-2019,277.299988,277.299988,274.25,43208896,10792.5,276.049988
01-03-2019,276.450012,279,276.25,8830848,10863.5,278.200012
05-03-2019,280,284,276.049988,13580306,10987.4502,282.549988
06-03-2019,285,289.200012,284.75,20045621,11053,285.75
07-03-2019,286.700012,291,285.850006,14287507,11058.2002,290.100006
08-03-2019,290.299988,293,288.399994,12681454,11035.40039,292
11-03-2019,293,294.899994,291.100006,14720968,11168.04981,292.950012
12-03-2019,294,295.649994,293.149994,14142103,11301.2002,294.5
13-03-2019,295,297,294.149994,11070294,11341.7002,294.899994
14-03-2019,295.399994,296,290.450012,10113962,11343.25,295.5
15-03-2019,295.950012,296.549988,289.350006,21395473,11426.84961,290.799988
18-03-2019,292,294.200012,291.299988,9166882,11462.2002,293.549988
19-03-2019,294.600006,300,293.350006,15756420,11532.40039,299.450012
20-03-2019,300,301.950012,296.600006,15619922,11521.04981,298.899994
22-03-2019,300,300,296.549988,8067384,11456.90039,298.200012
25-03-2019,297,297,293.200012,8015871,11354.25,295.049988
26-03-2019,295,296.350006,291.049988,10763629,11483.25,293.399994
27-03-2019,294,296.700012,291.600006,8432517,11445.04981,293.100006
28-03-2019,294.100006,302,293,17752380,11570,300
01-04-2019,297,299.200012,296.549988,6203276,11669.15039,297.25
02-04-2019,297.399994,300,294.649994,9849417,11713.2002,297.899994
03-04-2019,298,299,295.149994,9064767,11643.9502,296.149994
04-04-2019,296,297.299988,293.75,6965053,11598,294.799988
05-04-2019,295.049988,296.399994,292.649994,7806991,11665.9502,294.549988
08-04-2019,294.649994,295,291.700012,5288853,11604.5,292.75
09-04-2019,292.5,296.700012,292.25,6175672,11671.9502,296.299988
10-04-2019,296.049988,296.549988,293.5,5334642,11584.29981,294.700012
11-04-2019,294.549988,297.450012,293,10764968,11596.7002,296.399994
12-04-2019,296.649994,307.399994,295.600006,21818291,11643.4502,305.75
15-04-2019,307.899994,310,304.350006,12612414,11690.34961,305.5
16-04-2019,306.799988,309.950012,306.149994,9746168,11787.15039,307.200012
18-04-2019,308.25,308.25,303.549988,8838122,11752.79981,304.399994
22-04-2019,303.850006,305.5,301.049988,6672456,11594.4502,301.799988
23-04-2019,302.149994,304.799988,301.549988,7496038,11575.9502,303.399994
24-04-2019,303.399994,307.200012,298.5,11447878,11726.15039,306.450012
25-04-2019,307.25,309.799988,302,23240675,11641.79981,304.149994
26-04-2019,304.600006,306.399994,302.549988,4654775,11754.65039,304.549988
30-04-2019,304.549988,307.549988,299.5,11163210,11748.15039,301.350006
02-05-2019,301.100006,306.5,300.600006,7493271,11724.75,305
03-05-2019,304.25,307.450012,303.299988,5885895,11712.25,304.25
06-05-2019,304,307.5,300.75,6737627,11598.25,307
07-05-2019,308.25,309.5,300.850006,8655871,11497.90039,301.899994
08-05-2019,300,303.399994,298.649994,7876031,11359.4502,300.649994
09-05-2019,299.399994,301.299988,296.350006,10223616,11301.79981,299.850006
10-05-2019,300,300.450012,296.899994,6904657,11278.90039,297.75
13-05-2019,295.100006,303.5,287.700012,35880558,11148.2002,289.299988
14-05-2019,291,298.25,288.850006,21145245,11222.04981,294.350006
15-05-2019,297.549988,299.299988,292,17894032,11157,297.049988
16-05-2019,297,297,293.25,7354375,11257.09961,294.75
17-05-2019,295.100006,302.350006,295.100006,11194900,11407.15039,301.399994
20-05-2019,306.850006,307.549988,302.100006,11013451,11828.25,307
21-05-2019,307,310,305.299988,10518883,11709.09961,305.899994
22-05-2019,302.149994,302.799988,296.799988,13737694,11737.90039,299.75
23-05-2019,305,305.600006,287,31380501,11657.04981,288.200012
24-05-2019,291.5,291.649994,287.299988,10879657,11844.09961,290.450012
27-05-2019,291.25,293.549988,289.049988,9024193,11924.75,290.850006
28-05-2019,291.799988,292,288.100006,15598601,11928.75,288.899994
29-05-2019,288.799988,291.700012,287.600006,7255516,11861.09961,288.100006
30-05-2019,289,291.049988,288.299988,8656311,11945.90039,288.649994
31-05-2019,289.350006,291.5,277.450012,26281811,11922.79981,278.549988
03-06-2019,281.399994,281.5,275.299988,19569620,12088.54981,278.549988
04-06-2019,279.25,282.149994,278.799988,13850737,12021.65039,279.25
06-06-2019,280.399994,280.399994,275.299988,10660963,11843.75,275.75
07-06-2019,276.799988,276.799988,274.200012,7699206,11870.65039,275.25
10-06-2019,278.299988,280.549988,276.899994,8615348,11922.7002,279.399994
11-06-2019,280.899994,281.399994,279.200012,8461371,11965.59961,279.850006
12-06-2019,281.399994,281.399994,278.25,8247867,11906.2002,279.950012
13-06-2019,278.899994,281.350006,278.549988,7198584,11914.04981,280.600006
14-06-2019,280.5,280.5,277.149994,7908039,11823.29981,278.049988
17-06-2019,278.850006,278.850006,274.450012,10013278,11672.15039,275
18-06-2019,276.149994,277.850006,274,13845733,11691.5,275.100006
19-06-2019,275.700012,278.899994,275.600006,9046515,11691.4502,277.200012
20-06-2019,277,277.950012,275.350006,10566110,11831.75,277
21-06-2019,276.649994,276.649994,273.25,18595809,11724.09961,274.25
24-06-2019,274.25,277.5,274.25,8935066,11699.65039,276.25
25-06-2019,275.049988,280,274.25,12379897,11796.4502,278.5
26-06-2019,278.450012,278.700012,276.350006,7421269,11847.54981,277.399994
27-06-2019,277.950012,278.200012,272.799988,23308215,11841.54981,273.5
28-06-2019,274.100006,275.450012,272.5,8449727,11788.84961,273.850006
01-07-2019,274.399994,276.25,274.149994,5042447,11865.59961,274.950012
02-07-2019,275.350006,275.649994,273.200012,9976439,11910.29981,273.850006
03-07-2019,274.299988,277.549988,272.149994,18120809,11916.75,276.700012
04-07-2019,277.450012,278.25,275.200012,9697597,11946.75,277.649994
05-07-2019,277.649994,281.850006,268,37047327,11811.15039,279.450012
08-07-2019,280.149994,282.899994,275.799988,12169249,11558.59961,277.450012
09-07-2019,276.950012,277.549988,272.149994,7706490,11555.90039,273.100006
10-07-2019,273.549988,275.25,270.75,8162744,11498.90039,273.149994
11-07-2019,274,276.899994,273.600006,8403695,11582.90039,275.649994
12-07-2019,275.399994,276.450012,273.100006,10468936,11552.5,275.049988
15-07-2019,275,275.600006,270.549988,8536705,11588.34961,270.950012
16-07-2019,271,272.75,270.600006,6357525,11662.59961,271.950012
17-07-2019,272.450012,273.149994,270.700012,6294203,11687.5,272.899994
18-07-2019,272.950012,275.100006,272.299988,9096757,11596.90039,273
19-07-2019,274.100006,274.25,268,7986847,11419.25,268.299988
22-07-2019,268,268.200012,264,13516960,11346.2002,264.399994
23-07-2019,265.5,271.700012,265,14396986,11331.04981,270.649994
24-07-2019,270.299988,273.350006,267.899994,12072603,11271.29981,270.850006
25-07-2019,271,272.5,266.899994,17669912,11252.15039,267.850006
26-07-2019,268.75,271,266.899994,4788040,11284.29981,270.399994
29-07-2019,270,271.149994,266.5,5525308,11189.2002,267.75
30-07-2019,268,270.100006,266.549988,13233351,11085.40039,268.899994
31-07-2019,268.600006,271.100006,266,13649764,11118,270.200012
01-08-2019,270.450012,270.700012,266.5,5925611,10980,267.549988
02-08-2019,267.200012,267.200012,263.100006,8890911,10997.34961,264.5
05-08-2019,264.399994,264.5,257.649994,11556743,10862.59961,259.799988
06-08-2019,258.75,261.5,258.149994,9408544,10948.25,258.899994
07-08-2019,259.049988,259.350006,253.100006,8489812,10855.5,253.649994
08-08-2019,255,258.700012,253,6370866,11032.4502,257.75
09-08-2019,258.850006,258.850006,253.5,9927337,11109.65039,254.199997
13-08-2019,253.800003,254,244,20992894,10925.84961,246.300003
14-08-2019,246.300003,253.600006,244.050003,13809031,11029.40039,248.75
16-08-2019,248.75,253.399994,247.399994,10337358,11047.79981,253
19-08-2019,253.5,257.299988,250.949997,12524627,11053.90039,251.550003
20-08-2019,251.600006,251.949997,245.449997,15000271,11017,246.5
21-08-2019,246.699997,246.899994,240.850006,14736226,10918.7002,241.449997
22-08-2019,242.199997,246,239,10513066,10741.34961,240.050003
23-08-2019,239,239.449997,234.649994,16440329,10829.34961,236.100006
26-08-2019,240.699997,243.449997,234.949997,12857092,11057.84961,242.5
27-08-2019,243.949997,246.300003,242.699997,14529777,11105.34961,245.5
28-08-2019,246.149994,247.649994,243.100006,8894489,11046.09961,245.949997
29-08-2019,243.949997,245.449997,240.149994,11105245,10948.29981,241.199997
30-08-2019,242.75,247.199997,239.050003,11772247,11023.25,245.649994
03-09-2019,244.449997,244.449997,240.649994,9546229,10797.90039,241.550003
04-09-2019,241.600006,244.550003,241.300003,7032392,10844.65039,243.25
05-09-2019,242,246.899994,242,8451611,10847.90039,244.25
06-09-2019,244.300003,245.850006,243.25,8704669,10946.2002,243.899994
09-09-2019,244.649994,246.5,243.199997,9085228,11003.04981,245.5
11-09-2019,244.600006,245.449997,243,8968683,11035.7002,243.75
12-09-2019,244.300003,245,240,8083759,10982.79981,240.75
13-09-2019,241,242.449997,238.600006,14031943,11075.90039,239.899994
16-09-2019,239.5,240.850006,238.300003,7084644,11003.5,239.399994
17-09-2019,239.800003,240.100006,236.800003,10672279,10817.59961,237.199997
18-09-2019,237.699997,242.300003,234.050003,19956339,10840.65039,239.25
19-09-2019,239.949997,239.949997,236.100006,8483309,10704.79981,236.699997
20-09-2019,237,248.5,234.300003,63568127,11274.2002,238.050003
23-09-2019,250,260.5,249.899994,52040316,11600.2002,254.850006
24-09-2019,255,258,253.800003,17167257,11588.2002,256
25-09-2019,255.100006,256.25,242.699997,20597095,11440.2002,247.550003
26-09-2019,247.300003,251.399994,246.25,17847616,11571.2002,250.399994
27-09-2019,250,258,250,17535666,11512.40039,252.949997
30-09-2019,254.75,260.799988,249.399994,20588289,11474.4502,259.850006
01-10-2019,259.100006,262.450012,255,15440899,11359.90039,255.899994
03-10-2019,257.700012,262.149994,256.049988,12356337,11314,261.649994
04-10-2019,263,263.899994,255.199997,18085064,11174.75,257.25
07-10-2019,257.5,258,250.699997,21263568,11126.40039,251.899994
09-10-2019,251.300003,252.199997,246.300003,21503869,11313.29981,247.100006
10-10-2019,247,247.649994,242.649994,24294966,11234.54981,243.199997
11-10-2019,243.199997,246.199997,241.100006,25072193,11305.04981,243.949997
14-10-2019,245.449997,246.399994,243,14713799,11341.15039,244.100006
15-10-2019,245.050003,249.199997,245.050003,9989191,11428.29981,247.600006
16-10-2019,247.399994,247.600006,242.149994,16063295,11464,243.649994
17-10-2019,244,246.699997,243.850006,13649598,11586.34961,245.850006
18-10-2019,246,247.800003,245.100006,12833554,11661.84961,246.5
22-10-2019,245,251.100006,244.949997,18275636,11588.34961,248.899994
23-10-2019,250.399994,251.949997,249.050003,12831461,11604.09961,251.050003
24-10-2019,252.600006,254,247.949997,16791340,11582.59961,249.050003
25-10-2019,256.899994,257.200012,247,32591192,11583.90039,247.699997
29-10-2019,250.949997,255.100006,249.550003,11937562,11786.84961,253.25
30-10-2019,256,264,254.300003,34291157,11844.09961,259.399994
31-10-2019,260,262.850006,256.200012,16654994,11877.4502,257.649994
01-11-2019,259.350006,263,258.75,12571588,11890.59961,261.299988
04-11-2019,262.950012,264.950012,260.049988,7895272,11941.29981,260.75
05-11-2019,261,264,258.600006,10278362,11917.2002,262.899994
06-11-2019,262.950012,263.799988,260,8857419,11966.04981,261.350006
07-11-2019,262.899994,266.299988,262,14782434,12012.04981,265.850006
08-11-2019,264.850006,265.450012,260,11899353,11908.15039,260.5
11-11-2019,260.600006,262.350006,258.799988,7245151,11913.4502,259.450012
13-11-2019,258.899994,259.25,253.149994,10269356,11840.4502,253.850006
14-11-2019,254.100006,255.899994,253.25,8880734,11872.09961,253.899994
15-11-2019,254.25,255.75,250,16741465,11895.4502,250.649994
18-11-2019,251.449997,252.25,248.75,7864919,11884.5,250.75
19-11-2019,251.75,251.800003,248.800003,12152981,11940.09961,249.300003
20-11-2019,249.300003,251.300003,246.699997,9978073,11999.09961,250.699997
21-11-2019,251.399994,251.399994,245.050003,10393219,11968.40039,245.699997
22-11-2019,247.149994,252.649994,246.649994,16370384,11914.40039,247.649994
25-11-2019,247.75,248.399994,246.25,10586688,12073.75,247.75
26-11-2019,248.649994,250.399994,247.699997,19778030,12037.7002,249.149994
27-11-2019,249.75,250.050003,246.600006,8841620,12100.7002,246.949997
28-11-2019,247.300003,247.949997,245.649994,10992718,12151.15039,246.699997
29-11-2019,246.75,247.399994,245,9807979,12056.04981,246.399994
02-12-2019,246,246.899994,244.550003,9972664,12048.2002,244.949997
03-12-2019,244.949997,245.800003,242.649994,8129241,11994.2002,244.050003
04-12-2019,243.5,244.050003,242,11946661,12043.2002,243.149994
05-12-2019,243.149994,247.5,243.100006,11265857,12018.40039,246.949997
06-12-2019,247,247.149994,242.5,10374270,11921.5,243.350006
09-12-2019,243,243.300003,241,6722758,11937.5,241.449997
10-12-2019,241.600006,241.699997,235,15380232,11856.79981,235.600006
11-12-2019,235.600006,238.800003,235.600006,13799825,11910.15039,237.600006
12-12-2019,238.050003,240.199997,237.600006,10307052,11971.79981,238.550003
13-12-2019,240,242.5,239.199997,8205457,12086.7002,241.600006
16-12-2019,243,243.399994,236.350006,12014269,12053.9502,236.899994
17-12-2019,237.5,241.699997,237.5,15921196,12165,241.050003
18-12-2019,240.600006,247.350006,239.75,17134732,12221.65039,245.149994
19-12-2019,246.050003,247.899994,243.25,9339714,12259.7002,244.350006
20-12-2019,244.350006,245.100006,240.149994,13958336,12271.79981,241.149994
23-12-2019,242,242.800003,238.649994,19082124,12262.75,238.899994
24-12-2019,239,240.199997,238.199997,7896150,12214.54981,238.75
26-12-2019,238.899994,239.399994,236.350006,14460325,12126.54981,236.800003
27-12-2019,237.5,238.449997,236.449997,8712539,12245.79981,236.899994
30-12-2019,238,240.899994,237.5,13173134,12255.84961,238.199997
31-12-2019,238.550003,238.949997,237.399994,7142051,12168.4502,237.699997
01-01-2020,238.600006,238.600006,237.100006,4208837,12182.5,238.100006
02-01-2020,238.199997,240.949997,238.100006,8402979,12282.2002,239.850006
03-01-2020,241,241,238,9284478,12226.65039,238.5
06-01-2020,237.5,238.300003,235,7636617,11993.04981,235.100006
07-01-2020,236.050003,237.899994,234.600006,8416741,12052.9502,235.350006
08-01-2020,234,235.800003,233.25,7043211,12025.34961,234.199997
09-01-2020,235.600006,236.600006,235.050003,9452653,12215.90039,235.800003
10-01-2020,237.600006,238.75,236.800003,9973746,12256.79981,238
13-01-2020,238.5,240.5,238.25,12243639,12329.54981,239.25
14-01-2020,240.25,243.800003,238.300003,11843444,12362.29981,243.25
15-01-2020,242.550003,243,241.100006,5476729,12343.29981,242.399994
16-01-2020,242.5,243.899994,240.100006,9369668,12355.5,240.75
17-01-2020,240.75,242.100006,239.399994,7392403,12352.34961,239.949997
20-01-2020,240.050003,243.25,240.050003,8020816,12224.54981,241.899994
21-01-2020,241.449997,241.449997,238,9571070,12169.84961,238.449997
22-01-2020,239.600006,239.600006,237.100006,7654918,12106.90039,238.050003
23-01-2020,238.100006,238.75,236.899994,6120434,12180.34961,237.899994
24-01-2020,237.399994,239.100006,237,6801874,12248.25,238.149994
27-01-2020,237,237.399994,234.300003,6837613,12119,234.600006
28-01-2020,234.75,235.899994,230.5,14582907,12055.79981,230.75
29-01-2020,231.5,237.649994,231.149994,20469708,12129.5,236.649994
30-01-2020,236.949997,237,233,10394149,12035.79981,234.050003
31-01-2020,235.75,238.399994,234.050003,18455880,11962.09961,235.149994
03-02-2020,215,216.899994,205,79764370,11707.90039,207.600006
04-02-2020,210.800003,217.600006,209.149994,35767812,11979.65039,215.649994
05-02-2020,216.300003,217.5,211.5,21253607,12089.15039,216.449997
06-02-2020,218,219.899994,211.800003,27388582,12137.9502,213.550003
07-02-2020,213.800003,215.699997,212.75,17133407,12098.34961,213.399994
10-02-2020,214,214.050003,210.050003,9617387,12031.5,210.550003
11-02-2020,216.5,216.949997,211.800003,29803784,12107.90039,212.600006
12-02-2020,213.399994,214.800003,211.800003,9928416,12201.2002,213.050003
13-02-2020,213.050003,213.449997,211.199997,9153131,12174.65039,211.899994
14-02-2020,212.25,212.899994,206.800003,13731692,12113.4502,207.699997
17-02-2020,208,208.649994,204,15561953,12045.79981,204.800003
18-02-2020,204.550003,204.600006,200.5,20934864,11992.5,203.850006
19-02-2020,205.25,207.149994,203.850006,9054560,12125.90039,206.699997
20-02-2020,207,208.550003,205.449997,15592846,12080.84961,207.449997
24-02-2020,207,207.449997,201.800003,16594046,11829.40039,203
25-02-2020,203.800003,205.399994,201.5,15313516,11797.90039,201.800003
26-02-2020,200.649994,201.949997,196.300003,17869240,11678.5,198.600006
27-02-2020,198.399994,199.149994,195.899994,17271066,11633.29981,197.550003
28-02-2020,195,199.899994,192.050003,32628444,11201.75,197.550003
02-03-2020,199.5,203.449997,193.649994,18560049,11132.75,195.300003
03-03-2020,197,197.449997,192.550003,17947416,11303.29981,193.850006
04-03-2020,194.949997,195.550003,186.550003,27664076,11251,187.5
05-03-2020,187.550003,191.199997,186.550003,20025924,11269,188.050003
06-03-2020,184.850006,184.850006,179.75,26764504,10989.4502,181.75
09-03-2020,179,179,174.5,21794299,10451.4502,177.199997
11-03-2020,174,176.75,172.350006,27956087,10458.40039,175.649994
12-03-2020,169,169.149994,150.550003,52039692,9590.150391,155.800003
13-03-2020,150,164,134.600006,61590681,9955.200195,162.25
16-03-2020,158,158.100006,145.25,33254907,9197.400391,147.25
17-03-2020,148,155.800003,146.050003,47657482,8967.049805,149.149994
18-03-2020,152.100006,154.649994,147.350006,50243331,8468.799805,150.699997
19-03-2020,150.699997,163.550003,144.75,89748454,8263.450195,161.850006
20-03-2020,165.100006,176.5,165.100006,61996400,8745.450195,175.5
23-03-2020,158,162,149.199997,51353150,7610.25,154.300003
24-03-2020,162.949997,163.699997,147.399994,52552796,7801.049805,149.699997
25-03-2020,151,152,139,62505978,8317.849609,147.350006
26-03-2020,150,159.399994,143.25,58443451,8641.450195,156.399994
27-03-2020,162,166,155,32636484,8660.25,163.199997
30-03-2020,156.050003,164.899994,156.050003,28120340,8281.099609,159.199997
31-03-2020,164,173.850006,161.550003,42630666,8597.75,171.699997
01-04-2020,171.699997,172.75,164.550003,18141970,8253.799805,166.399994
03-04-2020,167.899994,182.75,167,62867436,8083.799805,177.899994
07-04-2020,185.699997,185.699997,173.649994,36118591,8792.200195,181.550003
08-04-2020,180.850006,184,176.649994,37561082,8748.75,178.649994
09-04-2020,184,186.25,180,42626960,9111.900391,185.25
13-04-2020,184.5,186.649994,181.050003,17744169,8993.849609,181.600006
15-04-2020,184.050003,193.75,182.699997,49092699,8925.299805,189.350006
16-04-2020,189.649994,191.199997,185.449997,27080032,8992.799805,186.350006
17-04-2020,190.449997,191.399994,186.949997,26667421,9266.75,188.100006
20-04-2020,189.949997,189.949997,179.5,35764287,9261.849609,180.699997
21-04-2020,178,184.300003,176.050003,23333661,8981.450195,179.600006
22-04-2020,179,183.550003,176,25163402,9187.299805,182.25
23-04-2020,182.949997,184,179.649994,32968029,9313.900391,180.550003
24-04-2020,181,182.800003,179.300003,18049697,9154.400391,180.050003
27-04-2020,180.25,182.300003,179.300003,13085703,9282.299805,179.850006
28-04-2020,180,180.800003,178.050003,17802635,9380.900391,179.449997
29-04-2020,180.5,182.899994,179.649994,21461067,9553.349609,182.149994
30-04-2020,184.899994,184.899994,180.449997,30164713,9859.900391,182.050003
04-05-2020,181.75,181.75,170.649994,30294317,9293.5,174.050003
05-05-2020,175,177.449997,172,17707577,9205.599609,173.899994
06-05-2020,171.399994,171.399994,160.5,65586734,9270.900391,163.899994
07-05-2020,164,165.850006,160.5,24249585,9199.049805,161
08-05-2020,163.949997,164.149994,157.100006,25307015,9251.5,158.25
11-05-2020,160,163.5,158,18095473,9239.200195,158.449997
12-05-2020,158.449997,165.899994,157.5,21387527,9196.549805,165.050003
13-05-2020,173.399994,173.600006,164.5,20015124,9383.549805,165.399994
14-05-2020,164.5,168.25,161.949997,14949993,9142.75,163.800003
15-05-2020,162.199997,165.5,161.149994,14950243,9136.849609,164.649994
18-05-2020,166,167.300003,163.149994,20801299,8823.25,164.75
19-05-2020,166.5,171.649994,165.100006,20142171,8879.099609,170.75
20-05-2020,171.949997,177,171,25320734,9066.549805,175.75
21-05-2020,175.600006,190.449997,172.649994,58382197,9106.25,188.949997
22-05-2020,188,191.899994,184.600006,39013770,9039.25,186.350006
26-05-2020,190,194.949997,187.800003,53233404,9029.049805,191.699997
27-05-2020,192.5,193.899994,186.899994,24546119,9314.950195,192.149994
28-05-2020,192.300003,192.899994,189,24578072,9490.099609,190.649994
29-05-2020,190.449997,198,189,35834621,9580.299805,197.350006
01-06-2020,201,205.25,199,28508405,9826.150391,200.550003
02-06-2020,201.899994,201.899994,196.699997,22631373,9979.099609,197.25
03-06-2020,200,200.899994,195.600006,18979188,10061.54981,196.699997
04-06-2020,197.75,202.5,195,21996048,10029.09961,200.149994
05-06-2020,201.800003,202,198.649994,14629659,10142.15039,200
08-06-2020,202.899994,203.649994,197,19551313,10167.4502,197.649994
09-06-2020,198.25,206.199997,197.649994,39914264,10046.65039,198.5
10-06-2020,199.449997,203.149994,198.300003,27199665,10116.15039,199.050003
11-06-2020,200,201.25,193.600006,19847133,9902,194.25
12-06-2020,188.949997,195.199997,187.850006,22562768,9972.900391,193.899994
15-06-2020,193.899994,193.949997,186.300003,24462536,9813.700195,187.199997
16-06-2020,190.800003,190.949997,181.899994,27636105,9914,185
17-06-2020,184,185,180.699997,24027295,9881.150391,181.199997
18-06-2020,181.199997,187.5,180.699997,28887489,10091.65039,186.600006
19-06-2020,187.100006,187.949997,183.600006,30531449,10244.40039,184.050003
22-06-2020,186.5,187.5,183.149994,31395991,10311.2002,185
23-06-2020,185.399994,187.5,184.75,26546793,10471,185.850006
24-06-2020,187.399994,194.699997,186.149994,54652978,10305.29981,191.850006
25-06-2020,192.25,203.5,191.649994,75574255,10288.90039,202.100006
26-06-2020,206,209.399994,193.300003,71956002,10383,195.199997
29-06-2020,202.5,203,196.199997,91503336,10312.40039,197.25
30-06-2020,199.399994,199.399994,194,41210494,10302.09961,194.649994
01-07-2020,194.649994,203.850006,194.649994,44297953,10430.04981,202.899994
02-07-2020,204.449997,206.75,202.550003,39320871,10551.7002,205.850006
03-07-2020,208,208.5,206,37893277,10607.34961,207.550003
06-07-2020,200.350006,201.949997,198.949997,34710176,10763.65039,199.800003
07-07-2020,200,200.5,194,31263172,10799.65039,194.25
08-07-2020,194.25,197.949997,194.25,21274354,10705.75,196.300003
09-07-2020,196.899994,197,194.149994,18769502,10813.4502,195.449997
10-07-2020,195.149994,196.5,194,16191544,10768.04981,194.350006
13-07-2020,195.899994,198.75,195.100006,20297515,10802.7002,197.550003
14-07-2020,197.399994,199.5,192.75,18474376,10607.34961,195.899994
15-07-2020,196.350006,200,194.5,23776757,10618.2002,198.699997
16-07-2020,198.699997,198.850006,192,22144320,10739.9502,193.850006
17-07-2020,193.300003,195.399994,193,14882294,10901.7002,194.050003
20-07-2020,195,195.350006,192.350006,18914963,11022.2002,192.699997
21-07-2020,192.100006,194.199997,191.5,28010715,11162.25,192.25
22-07-2020,193,197.899994,192.5,32572133,11132.59961,196.550003
23-07-2020,197.649994,201.5,196.800003,31488108,11215.4502,200.699997
24-07-2020,201,201.699997,197.300003,60183102,11194.15039,199.600006
27-07-2020,200.5,200.5,195.149994,22645697,11131.79981,196.399994
28-07-2020,197,198.649994,195.050003,19287132,11300.54981,195.399994
29-07-2020,193.449997,198.199997,193.399994,14831635,11202.84961,196.699997
30-07-2020,198.399994,198.399994,192.5,16315231,11102.15039,193.350006
31-07-2020,193.5,196.949997,193.5,16652851,11073.4502,194.149994
03-08-2020,194,194,191.899994,13265411,10891.59961,192.600006
04-08-2020,192.600006,195.800003,192.600006,17187619,11095.25,193.649994
05-08-2020,194.5,194.600006,191.699997,48768332,11101.65039,192.800003
06-08-2020,194.199997,195.600006,193.100006,17886089,11200.15039,195.350006
07-08-2020,195.5,197,194.149994,20911818,11214.04981,196.050003
10-08-2020,196.399994,199.649994,196.399994,16474505,11270.15039,198.850006
11-08-2020,200,207.699997,200,55142972,11322.5,203.050003
12-08-2020,202.5,204.899994,200.399994,21287010,11308.40039,204.199997
13-08-2020,203.5,204.199997,197.100006,22698888,11300.4502,201.449997
14-08-2020,201.600006,203.350006,195.5,28751298,11178.40039,196.399994
17-08-2020,198.050003,199.5,196.850006,11740766,11247.09961,198.75
18-08-2020,199.899994,199.899994,197.25,12488159,11385.34961,198.550003
19-08-2020,198.600006,201.699997,198.100006,15474353,11408.40039,198.449997
20-08-2020,197,197.199997,194.550003,16910449,11312.2002,195.800003
21-08-2020,198,199.199997,196.300003,17233813,11371.59961,196.800003
24-08-2020,197.25,199,196.350006,14737317,11466.4502,196.699997
25-08-2020,197.25,198.300003,195.100006,15199264,11472.25,195.399994
26-08-2020,196.5,196.550003,193.649994,22631175,11549.59961,194.949997
27-08-2020,198.5,198.899994,193.899994,47212216,11559.25,194.25
28-08-2020,194.600006,196.300003,194.050003,34645487,11647.59961,195.550003
31-08-2020,199,199,190,96994911,11387.5,191.100006
01-09-2020,191.100006,192.350006,188.25,39779151,11470.25,190.199997
02-09-2020,191.300003,193,189.649994,20585374,11535,191.350006
03-09-2020,191.399994,193.25,190,15691462,11527.4502,191.600006
04-09-2020,190,190,185.699997,41389019,11333.84961,186.699997
07-09-2020,187.25,190.5,180.800003,32660563,11355.04981,189.100006
08-09-2020,189.600006,190.550003,184.600006,25589032,11317.34961,188.149994
09-09-2020,185.5,186.25,182.300003,27829564,11278,183.800003
10-09-2020,184.100006,185.699997,183.199997,17784303,11449.25,184.899994
11-09-2020,184.899994,186.5,182.75,19255948,11464.4502,183.949997
14-09-2020,185.800003,185.850006,183,30992032,11440.04981,183.350006
15-09-2020,184,184.199997,180.800003,30771790,11521.79981,181.800003
16-09-2020,181.850006,183.5,180.050003,50641398,11604.54981,180.649994
17-09-2020,180.800003,181.5,177.800003,33933262,11516.09961,178.600006
18-09-2020,179.550003,179.850006,177,29782789,11504.9502,179.100006
21-09-2020,180,180.600006,175.050003,23891325,11250.54981,175.75
22-09-2020,175.75,176.75,173.75,18529108,11153.65039,174.199997
23-09-2020,174.949997,177.550003,171.699997,61785000,11131.84961,172.5
24-09-2020,171.699997,171.75,166.149994,31486355,10805.54981,166.550003
25-09-2020,168.899994,171.199997,167,26625318,11050.25,170.75
28-09-2020,171,174.800003,170.5,23194638,11227.54981,173.300003
29-09-2020,174.75,174.75,169,25615786,11222.40039,169.399994
30-09-2020,170,172.100006,168.699997,18481590,11247.54981,171.699997
01-10-2020,174.5,174.600006,170.100006,19756417,11416.9502,170.850006
05-10-2020,171.100006,172.800003,168.75,24298942,11503.34961,169.25
06-10-2020,169.5,171.600006,168.100006,21885190,11662.40039,169.899994
07-10-2020,170,170.899994,169,16286540,11738.84961,169.5
08-10-2020,170.100006,170.399994,166.899994,25502126,11834.59961,167.149994
09-10-2020,167.5,168.899994,166.350006,22373277,11914.2002,167.850006
12-10-2020,170.5,175.199997,170,66250422,11930.9502,172.199997
13-10-2020,172.850006,174.850006,169.5,35684395,11934.5,170.149994
14-10-2020,170.550003,171,167.050003,38216229,11971.04981,167.800003
15-10-2020,167.699997,167.800003,164.550003,27116799,11680.34961,165.050003
16-10-2020,165.5,166.800003,163.800003,20227056,11762.4502,165.699997
19-10-2020,166.800003,168.899994,166.149994,19016521,11873.04981,168.25
20-10-2020,168,168.300003,166.699997,16148741,11896.79981,167.449997
21-10-2020,168.149994,168.899994,166.600006,16478833,11937.65039,167.649994
22-10-2020,167.550003,169.100006,167,22044107,11896.4502,168.550003
23-10-2020,168.949997,171,167.75,20145584,11930.34961,170.75
26-10-2020,171.5,171.600006,168.25,16080575,11767.75,168.550003
27-10-2020,168.5,169.300003,166.75,45885092,11889.40039,167.199997
28-10-2020,168.5,168.5,165,16820774,11729.59961,165.5
29-10-2020,165,165.949997,163.449997,21007139,11670.79981,163.850006
30-10-2020,164,166.800003,163.350006,16347325,11642.40039,165.25
02-11-2020,166.800003,167.199997,164.449997,14370649,11669.15039,166.75
03-11-2020,167.199997,170.75,167.100006,22602903,11813.5,170.100006
04-11-2020,170.050003,171.800003,168.199997,18808819,11908.5,169.800003
05-11-2020,171.25,175,170.199997,26997641,12120.29981,174.75
06-11-2020,176.5,177.199997,173.399994,34252005,12263.54981,173.949997
09-11-2020,173.949997,177.300003,171.850006,35286484,12461.04981,172.800003
10-11-2020,175,179.550003,171.850006,57459436,12631.09961,178.350006
11-11-2020,179.600006,185.899994,178.600006,63318644,12749.15039,185.300003
12-11-2020,185.199997,188.75,183.850006,46367792,12690.79981,188
13-11-2020,187.199997,188.800003,185.550003,28198725,12719.9502,187.100006
17-11-2020,189,189.399994,186.399994,20950589,12874.2002,187.350006
18-11-2020,186.800003,188.449997,182.75,26595992,12938.25,184.050003
19-11-2020,182.800003,191.800003,182.699997,48984610,12771.7002,187.899994
20-11-2020,188.800003,192,186.050003,45307312,12859.04981,191.699997
23-11-2020,192,192.5,188.649994,23180456,12926.4502,190.850006
24-11-2020,190.600006,196.449997,190.600006,45411815,13055.15039,195.550003
25-11-2020,196,197.949997,192.5,41659179,12858.40039,193.850006
26-11-2020,195.100006,195.850006,192.550003,24222956,12987,194.800003
27-11-2020,194.449997,195.75,193.199997,31385396,12968.9502,193.649994
01-12-2020,195,196.350006,192.399994,15893346,13109.04981,194.399994
02-12-2020,195,198.75,193.550003,28425948,13113.75,195.949997
03-12-2020,197.199997,197.199997,194.550003,28009042,13133.90039,196.199997
04-12-2020,196.850006,199.350006,196.5,22152332,13258.54981,198.199997
07-12-2020,198.199997,203.75,197.600006,35693450,13355.75,203.149994
08-12-2020,203.899994,204.699997,199.550003,30853963,13392.9502,202.449997
09-12-2020,205,207.800003,204.649994,39684395,13529.09961,205.399994
10-12-2020,206.649994,213.649994,203.149994,65227495,13478.29981,212.699997
11-12-2020,214.449997,217.949997,213.350006,60322445,13513.84961,216.300003
14-12-2020,217.949997,218.600006,215,26990063,13558.15039,215.899994
15-12-2020,215.25,216.399994,211.600006,23255609,13567.84961,213.550003
16-12-2020,213.75,215.550003,213.5,19551630,13682.7002,214
17-12-2020,214.199997,215.100006,211.25,22386185,13740.7002,213.050003
18-12-2020,213.100006,215.949997,209.75,23775053,13760.54981,214.5
21-12-2020,214.5,214.699997,199.149994,41834797,13328.40039,202.949997
22-12-2020,203.100006,206.25,196.899994,40986353,13466.29981,203.399994
23-12-2020,203,208.25,202,23695667,13601.09961,207.75
24-12-2020,210,210.649994,205.600006,22768284,13749.25,208.600006
28-12-2020,209,210.199997,207.850006,15741000,13873.2002,209.5
29-12-2020,210.5,213.5,210.100006,26546469,13932.59961,211.550003
30-12-2020,212.699997,213.5,209.550003,18925262,13981.9502,211.149994
31-12-2020,210.550003,211.300003,208.550003,18245270,13981.75,209
01-01-2021,209.899994,214.199997,209.300003,19527333,13981.75,213.850006
04-01-2021,214,216,212.100006,26891799,14132.90039,213.399994
05-01-2021,212.449997,213.25,210.600006,18024083,14199.5,211.449997
06-01-2021,211.449997,211.5,204.5,49067837,14146.25,205.399994
07-01-2021,206.100006,207.600006,202.100006,34952401,14137.34961,202.800003
08-01-2021,204.350006,206,200.25,56427360,14347.25,201.5
11-01-2021,204,206.100006,201.25,42970983,14484.75,202.5
12-01-2021,203,206.899994,201.600006,35617404,14563.4502,206.449997
13-01-2021,207.449997,213,205.25,63925996,14564.84961,211.25
14-01-2021,212,216.5,211.600006,48304263,14595.59961,214.149994
15-01-2021,214.899994,218.5,211.199997,58321158,14433.7002,217.850006
18-01-2021,218.399994,222,214.600006,67607822,14281.29981,219.75
19-01-2021,221,221.699997,217.5,31785089,14521.15039,218.850006
20-01-2021,218.5,219,215.699997,44672447,14644.7002,217.649994
21-01-2021,219,219.5,212.199997,28999164,14590.34961,213.699997
22-01-2021,214,214.75,209.149994,24712182,14371.90039,210.699997
25-01-2021,212,212.5,206.850006,24967899,14238.90039,207.800003
27-01-2021,208,212.649994,207.100006,48471357,13967.5,210.649994
28-01-2021,209.25,211,205.75,22131983,13817.54981,206.600006
29-01-2021,208.550003,208.800003,202.350006,23764654,13634.59961,203.25
01-02-2021,204,217.949997,201.800003,57744414,14281.2002,215.949997
02-02-2021,220,223.5,217,48457781,14647.84961,218.199997
03-02-2021,221.5,222,215.699997,53643263,14789.9502,216.75
04-02-2021,216.100006,231.399994,216,105818897,14895.65039,229.949997
05-02-2021,232.149994,238.850006,227.25,125490301,14924.25,234.350006
08-02-2021,237.5,238.050003,231.5,41495834,15115.79981,233.100006
09-02-2021,234.600006,239.199997,228.199997,70655961,15109.29981,229
10-02-2021,229,231.100006,223.100006,47283127,15106.5,227.550003
11-02-2021,229,229.300003,224.5,43631374,15173.29981,226.449997
12-02-2021,225.75,225.75,215.800003,110568108,15163.29981,217.449997
15-02-2021,218.449997,221,217.5,31776555,15314.7002,218.600006
16-02-2021,219.050003,221.800003,217.25,29148891,15313.4502,218.25
17-02-2021,217.600006,218.399994,216.550003,19850516,15208.90039,217.75
18-02-2021,218.199997,220.600006,217.899994,24070563,15118.9502,218.850006
19-02-2021,218.850006,218.899994,214,28125203,14981.75,215.949997
22-02-2021,212,212,206,51546288,14675.7002,207.050003
23-02-2021,208,210.550003,207,26675953,14707.79981,208.5
24-02-2021,209.100006,209.800003,206.5,13160617,14982,208.850006
25-02-2021,209.5,211.199997,208.800003,25954142,15097.34961,209.149994
26-02-2021,207.25,208,203,43429293,14529.15039,203.850006
01-03-2021,205.449997,207.75,204.050003,16225536,14761.54981,206.899994
02-03-2021,207,210.800003,206.5,25604169,14919.09961,209.899994
03-03-2021,212,212,208.800003,20846117,15245.59961,209.949997
04-03-2021,208.800003,211.300003,207.600006,24899212,15080.75,209.699997
05-03-2021,208,210,207.199997,17323590,14938.09961,208.550003
08-03-2021,209.699997,210.800003,207.699997,22988740,14956.2002,208
09-03-2021,208.699997,209.75,204.75,22593086,15098.40039,207.800003
10-03-2021,209.100006,209.199997,205.800003,19603214,15174.79981,206.5
12-03-2021,208,208,203.5,30787960,15030.9502,205.199997
15-03-2021,205.850006,206,201.600006,41115805,14929.5,205.449997
16-03-2021,206.399994,208.899994,204.949997,48763187,14910.4502,207.850006
17-03-2021,212.199997,213.899994,208.550003,78578698,14721.29981,210.600006
18-03-2021,213,219.100006,211.899994,91993104,14557.84961,217.649994
19-03-2021,219,226.149994,215.550003,134184994,14744,222.949997
22-03-2021,223.300003,226.399994,221.5,46050245,14736.40039,226
23-03-2021,225,228.100006,221.300003,41564683,14814.75,222.199997
24-03-2021,221,222.800003,215.25,27609243,14549.40039,215.949997
25-03-2021,215.149994,215.949997,209.050003,40681282,14324.90039,211.600006
26-03-2021,214.25,214.449997,210.350006,26079435,14507.29981,210.899994
30-03-2021,213.25,215,210.399994,27792033,14845.09961,214.550003
31-03-2021,214.050003,219.300003,212.699997,36485322,14690.7002,218.5
01-04-2021,220,220.600006,217.300003,29062762,14867.34961,220.050003
05-04-2021,217.600006,220,210.5,31378045,14637.79981,212.550003
06-04-2021,213.800003,214.949997,210.149994,25674227,14683.5,212.649994
07-04-2021,212.699997,215.199997,212.449997,15204883,14819.04981,213.800003
08-04-2021,214.850006,216.100006,212.850006,14116874,14873.79981,213.25
09-04-2021,213.75,215.949997,212.550003,16364247,14834.84961,213.100006
12-04-2021,210,211,205,34511670,14310.79981,205.300003
13-04-2021,207,209.699997,206,20247639,14504.79981,208.699997
15-04-2021,209,210.449997,206,17530742,14581.4502,206.699997
16-04-2021,208,209.25,206.5,13311926,14617.84961,207.949997
19-04-2021,205,206.100006,203.75,15792299,14359.4502,205.600006
20-04-2021,206.199997,207,202.5,21364882,14296.40039,203.550003
22-04-2021,202,206.300003,200.550003,23139735,14406.15039,205.899994
23-04-2021,204.25,207,204.25,19625381,14341.34961,205.350006
26-04-2021,205.800003,206.75,204.699997,19886214,14485,205.300003
27-04-2021,205.300003,206.949997,205.050003,11444814,14653.04981,205.399994
28-04-2021,206,206.5,205.300003,12708021,14864.54981,205.5
29-04-2021,207.100006,207.550003,204.050003,13096755,14894.90039,204.300003
30-04-2021,203.899994,205.699997,202,16495657,14631.09961,202.600006
03-05-2021,201.199997,201.850006,200,20611626,14634.15039,200.949997
04-05-2021,201.199997,202.350006,199.100006,18259282,14496.5,199.600006
05-05-2021,201.449997,202,199.5,13862655,14617.84961,201.399994
06-05-2021,202.300003,205.949997,202.100006,14320889,14724.79981,202.75
07-05-2021,202.949997,206.449997,202.949997,19463495,14823.15039,205.350006
10-05-2021,207.149994,207.449997,205,16295368,14942.34961,205.550003
11-05-2021,203.899994,206.5,203.75,13747541,14850.75,204
12-05-2021,203.899994,205.25,202.850006,16537612,14696.5,203.25
14-05-2021,205,213.199997,204,61647120,14677.79981,212.25
17-05-2021,216.800003,217,211.649994,38001828,14923.15039,212.600006
18-05-2021,214.100006,214.600006,209.649994,30479551,15108.09961,210.050003
19-05-2021,210.050003,211.399994,207.550003,24405319,15030.15039,207.75
20-05-2021,208.449997,209.300003,206.800003,20884367,14906.04981,207
21-05-2021,207.600006,209.850006,207.399994,22638020,15175.29981,209.050003
24-05-2021,209.5,212.050003,207.75,28865798,15197.7002,211.5
25-05-2021,213,213.399994,210.25,25334878,15208.4502,210.899994
26-05-2021,211.800003,212.449997,210.300003,17576137,15301.4502,210.600006
27-05-2021,211,214.149994,210.300003,47554219,15337.84961,211.149994
28-05-2021,212.5,213.5,211.550003,25597550,15435.65039,212.899994
31-05-2021,215,217.899994,214.399994,73039531,15582.79981,216.600006
01-06-2021,218,219.399994,214.25,38755111,15574.84961,215.25
02-06-2021,210.5,212.449997,208.600006,96654991,15576.2002,209
03-06-2021,210.75,210.75,208.699997,46657520,15690.34961,209.050003
04-06-2021,209.5,209.699997,208,30126021,15670.25,208.75
07-06-2021,210.399994,212.399994,210.199997,31433280,15751.65039,211.449997
08-06-2021,212.199997,214.25,211.199997,21261361,15740.09961,213.649994
09-06-2021,214,214.75,211.5,24887924,15635.34961,212.5
10-06-2021,208.699997,211.399994,207.5,30719587,15737.75,209.300003
11-06-2021,210.300003,210.449997,207.75,21424291,15799.34961,207.899994
14-06-2021,207.949997,208.449997,205.199997,17677889,15811.84961,207.300003
15-06-2021,207.550003,208.399994,207,14854294,15869.25,207.050003
16-06-2021,207.050003,209.350006,207.050003,20104244,15767.54981,207.850006
17-06-2021,206.949997,208,205,21476893,15691.40039,205.649994
18-06-2021,206,206.449997,202.5,23567549,15683.34961,204.550003
21-06-2021,203.100006,206,202.399994,19074685,15746.5,204.449997
22-06-2021,206.100006,206.25,204.350006,18042675,15772.75,205.100006
23-06-2021,205.649994,205.850006,203.600006,12575210,15686.9502,203.949997
24-06-2021,204.449997,204.649994,202.550003,22435272,15790.4502,203.25
25-06-2021,204,205.600006,203.75,13877208,15860.34961,205.050003
28-06-2021,205.899994,205.899994,203.350006,14627153,15814.7002,203.600006
29-06-2021,203.600006,205.300003,203.149994,13326068,15748.4502,203.300003
30-06-2021,204.300003,204.399994,202.550003,15942408,15721.5,202.699997
